timestamp,PV_obs,GHI,DNI,DHI,SA,SZ,CO,Temp
2021-07-06 09:00:00,,146,3,145,-107,49,76,12
2021-07-06 10:00:00,,135,1,133,-122,41,82,14
2021-07-06 11:00:00,,176,1,175,-142,35,78,14
2021-07-06 12:00:00,,260,5,256,-167,31,70,12
2021-07-06 13:00:00,,438,38,405,166,31,49,12
2021-07-06 14:00:00,,523,121,424,141,35,36,12
2021-07-06 15:00:00,,665,583,227,122,42,10,16
2021-07-06 16:00:00,,565,554,202,106,50,10,16
2021-07-06 17:00:00,,316,122,251,93,59,35,16
2021-07-06 18:00:00,,240,150,181,81,68,30,14
2021-07-06 19:00:00,,147,244,92,70,77,19,14
2021-07-06 20:00:00,,46,71,34,59,85,19,12
2021-07-06 21:00:00,,0,0,0,47,92,20,12
2021-07-06 22:00:00,,0,0,0,34,98,21,12
2021-07-06 23:00:00,,0,0,0,21,102,21,12
2021-07-07 00:00:00,,0,0,0,7,104,24,12
2021-07-07 01:00:00,,0,0,0,-7,104,29,12
2021-07-07 02:00:00,,0,0,0,-21,102,38,12
2021-07-07 03:00:00,,0,0,0,-35,97,47,12
2021-07-07 04:00:00,,0,0,0,-47,91,54,12
2021-07-07 05:00:00,,25,6,24,-59,84,58,12
2021-07-07 06:00:00,,81,12,78,-70,76,56,12
2021-07-07 07:00:00,,131,10,127,-82,67,61,14
2021-07-07 08:00:00,,111,2,109,-94,58,77,14
2021-07-07 09:00:00,,100,2,100,-107,49,84,14
2021-07-07 10:00:00,,274,9,267,-122,41,63,14
2021-07-07 11:00:00,,476,71,418,-142,35,42,17
2021-07-07 12:00:00,,479,59,428,-167,31,44,18
2021-07-07 13:00:00,,428,35,399,166,31,50,18
2021-07-07 14:00:00,,484,79,418,141,35,41,18
2021-07-07 15:00:00,,508,178,376,122,42,31,18
2021-07-07 16:00:00,,399,126,318,106,50,35,18
2021-07-07 17:00:00,,285,78,245,93,59,41,17
2021-07-07 18:00:00,,224,136,173,81,68,32,16
2021-07-07 19:00:00,,148,244,93,70,77,19,14
2021-07-07 20:00:00,,49,88,34,59,85,12,14
2021-07-07 21:00:00,,0,0,0,47,92,12,12
2021-07-07 22:00:00,,0,0,0,34,98,9,12
2021-07-07 23:00:00,,0,0,0,21,102,6,11
2021-07-08 00:00:00,,0,0,0,7,104,4,11
2021-07-08 01:00:00,,0,0,0,-7,104,4,11
2021-07-08 02:00:00,,0,0,0,-21,102,7,11
2021-07-08 03:00:00,,0,0,0,-35,98,12,11
2021-07-08 04:00:00,,0,0,0,-47,92,21,11
2021-07-08 05:00:00,,40,24,36,-59,84,25,11
2021-07-08 06:00:00,,133,112,106,-71,76,23,12
2021-07-08 07:00:00,,256,205,176,-82,67,19,14
2021-07-08 08:00:00,,369,238,243,-94,58,20,14
2021-07-08 09:00:00,,461,250,300,-107,50,22,17
2021-07-08 10:00:00,,553,264,355,-123,41,22,18
2021-07-08 11:00:00,,615,271,393,-142,35,23,19
2021-07-08 12:00:00,,613,213,430,-167,31,27,20
2021-07-08 13:00:00,,587,174,437,166,31,29,20
2021-07-08 14:00:00,,576,205,408,141,35,28,19
2021-07-08 15:00:00,,555,287,342,122,42,23,20
2021-07-08 16:00:00,,491,342,272,106,50,19,19
2021-07-08 17:00:00,,393,369,203,93,59,16,19
2021-07-08 18:00:00,,269,326,147,81,68,14,18
2021-07-08 19:00:00,,144,244,89,70,77,14,17
2021-07-08 20:00:00,,42,59,32,59,85,16,14
2021-07-08 21:00:00,,0,0,0,47,92,17,12
2021-07-08 22:00:00,,0,0,0,34,98,18,12
2021-07-08 23:00:00,,0,0,0,21,102,20,12
2021-07-09 00:00:00,,0,0,0,7,104,23,12
2021-07-09 01:00:00,,0,0,0,-7,104,25,12
2021-07-09 02:00:00,,0,0,0,-21,102,29,12
2021-07-09 03:00:00,,0,0,0,-35,98,34,12
2021-07-09 04:00:00,,0,0,0,-47,92,40,11
2021-07-09 05:00:00,,29,12,28,-59,84,43,12
2021-07-09 06:00:00,,108,45,97,-71,76,38,14
2021-07-09 07:00:00,,209,88,176,-82,68,35,14
2021-07-09 08:00:00,,281,68,245,-94,59,40,16
2021-07-09 09:00:00,,329,48,298,-107,50,45,17
2021-07-09 10:00:00,,405,59,361,-123,42,43,18
2021-07-09 11:00:00,,439,54,395,-142,35,44,19
2021-07-09 12:00:00,,352,14,339,-167,31,58,19
2021-07-09 13:00:00,,248,5,244,166,31,70,18
2021-07-09 14:00:00,,225,4,222,141,35,71,16
2021-07-09 15:00:00,,245,8,239,122,42,65,14
2021-07-09 16:00:00,,238,14,229,106,50,59,17
2021-07-09 17:00:00,,200,19,190,93,59,56,17
2021-07-09 18:00:00,,137,19,130,81,68,56,17
2021-07-09 19:00:00,,70,12,67,70,77,58,14
2021-07-09 20:00:00,,20,6,19,59,85,59,14
2021-07-09 21:00:00,,0,0,0,47,92,59,14
2021-07-09 22:00:00,,0,0,0,34,98,59,14
2021-07-09 23:00:00,,0,0,0,21,102,58,14
2021-07-10 00:00:00,,0,0,0,7,104,61,12
2021-07-10 01:00:00,,0,0,0,-7,104,63,12
2021-07-10 02:00:00,,0,0,0,-21,102,66,12
2021-07-10 03:00:00,,0,0,0,-35,98,65,12
2021-07-10 04:00:00,,0,0,0,-47,92,59,12
2021-07-10 05:00:00,,25,6,25,-59,85,51,12
2021-07-10 06:00:00,,100,33,93,-71,76,43,14
2021-07-10 07:00:00,,207,83,177,-82,68,36,14
2021-07-10 08:00:00,,322,130,256,-94,59,32,16
2021-07-10 09:00:00,,421,152,322,-107,50,31,17
2021-07-10 10:00:00,,490,140,386,-123,42,33,18
2021-07-10 11:00:00,,527,121,427,-142,35,35,18
2021-07-10 12:00:00,,534,103,445,-167,31,37,19
2021-07-10 13:00:00,,526,97,443,166,31,38,19
2021-07-10 14:00:00,,513,115,418,142,35,36,19
2021-07-10 15:00:00,,488,156,372,122,42,32,19
2021-07-10 16:00:00,,427,174,314,106,50,29,19
2021-07-10 17:00:00,,333,173,244,93,59,29,19
2021-07-10 18:00:00,,222,139,171,82,68,29,19
2021-07-10 19:00:00,,118,102,95,70,77,31,18
2021-07-10 20:00:00,,34,24,29,59,85,29,16
2021-07-10 21:00:00,,0,0,0,47,92,27,14
2021-07-10 22:00:00,,0,0,0,34,98,24,12
2021-07-10 23:00:00,,0,0,0,21,102,21,12
2021-07-11 00:00:00,,0,0,0,7,104,20,12
2021-07-11 01:00:00,,0,0,0,-7,104,21,12
2021-07-11 02:00:00,,0,0,0,-21,102,24,12
2021-07-11 03:00:00,,0,0,0,-35,98,27,12
2021-07-11 04:00:00,,0,0,0,-47,92,31,12
2021-07-11 05:00:00,,35,24,31,-59,85,33,14
2021-07-11 06:00:00,,116,80,98,-71,77,33,14
2021-07-11 07:00:00,,211,88,178,-82,68,35,14
2021-07-11 08:00:00,,295,87,250,-94,59,37,16
2021-07-11 09:00:00,,353,64,312,-107,50,42,17
2021-07-11 10:00:00,,383,43,351,-123,42,47,17
2021-07-11 11:00:00,,395,31,369,-142,35,51,17
2021-07-11 12:00:00,,397,25,375,-167,31,53,18
2021-07-11 13:00:00,,395,25,373,166,31,53,17
2021-07-11 14:00:00,,389,29,364,142,35,51,16
2021-07-11 15:00:00,,371,39,342,122,42,49,14
2021-07-11 16:00:00,,322,45,293,107,50,47,14
2021-07-11 17:00:00,,251,49,225,93,59,46,14
2021-07-11 18:00:00,,170,43,154,82,68,46,14
2021-07-11 19:00:00,,92,36,84,70,77,46,12
2021-07-11 20:00:00,,27,12,25,59,85,44,12
2021-07-11 21:00:00,,0,0,0,47,92,39,12
2021-07-11 22:00:00,,0,0,0,35,98,34,12
2021-07-11 23:00:00,,0,0,0,21,102,29,12
2021-07-12 00:00:00,,0,0,0,7,105,25,12
2021-07-12 01:00:00,,0,0,0,-7,104,23,11
2021-07-12 02:00:00,,0,0,0,-21,102,24,10
2021-07-12 03:00:00,,0,0,0,-35,98,25,9
2021-07-12 04:00:00,,0,0,0,-47,92,28,10
2021-07-12 05:00:00,,36,24,32,-59,85,29,10
2021-07-12 06:00:00,,122,93,100,-71,77,29,11
2021-07-12 07:00:00,,222,117,179,-82,68,31,12
2021-07-12 08:00:00,,320,128,254,-94,59,32,14
2021-07-12 09:00:00,,401,119,324,-107,50,34,14
2021-07-12 10:00:00,,468,109,386,-123,42,36,16
2021-07-12 11:00:00,,525,119,427,-142,35,35,16
2021-07-12 12:00:00,,569,142,446,-167,31,33,17
2021-07-12 13:00:00,,579,155,445,166,31,32,17
2021-07-12 14:00:00,,543,145,424,142,35,33,17
2021-07-12 15:00:00,,469,125,376,122,42,35,16
2021-07-12 16:00:00,,371,89,314,107,50,39,14
2021-07-12 17:00:00,,275,72,238,94,59,41,12
2021-07-12 18:00:00,,184,59,163,82,68,42,12
2021-07-12 19:00:00,,100,53,89,70,77,41,12
2021-07-12 20:00:00,,29,18,25,59,85,39,11
2021-07-12 21:00:00,,0,0,0,47,92,37,11
2021-07-12 22:00:00,,0,0,0,35,98,36,11
2021-07-12 23:00:00,,0,0,0,21,102,34,11
2021-07-13 00:00:00,,0,0,0,7,105,33,10
2021-07-13 01:00:00,,0,0,0,-7,105,32,10
2021-07-13 02:00:00,,0,0,0,-21,102,32,10
2021-07-13 03:00:00,,0,0,0,-35,98,33,10
2021-07-13 04:00:00,,0,0,0,-47,92,33,11
2021-07-13 05:00:00,,34,18,31,-59,85,32,11
2021-07-13 06:00:00,,124,102,100,-71,77,29,11
2021-07-13 07:00:00,,237,163,176,-82,68,25,12
2021-07-13 08:00:00,,345,184,250,-94,59,27,14
2021-07-13 09:00:00,,427,162,322,-107,50,29,14
2021-07-13 10:00:00,,488,140,384,-123,42,33,14
2021-07-13 11:00:00,,634,334,362,-142,35,19,19
2021-07-13 12:00:00,,440,55,393,-167,31,48,20
2021-07-13 13:00:00,,456,54,410,166,32,45,20
2021-07-13 14:00:00,,518,119,420,142,35,35,20
2021-07-13 15:00:00,,486,146,376,123,42,33,21
2021-07-13 16:00:00,,461,257,297,107,50,24,20
2021-07-13 17:00:00,,367,280,222,94,59,21,20
2021-07-13 18:00:00,,258,278,154,82,68,18,19
2021-07-13 19:00:00,,142,236,89,71,77,14,17
2021-07-13 20:00:00,,40,47,32,59,85,14,14
2021-07-13 21:00:00,,0,0,0,47,92,14,14
2021-07-13 22:00:00,,0,0,0,35,98,14,12
2021-07-13 23:00:00,,0,0,0,21,103,14,12
2021-07-14 00:00:00,,0,0,0,7,105,12,12
2021-07-14 01:00:00,,0,0,0,-7,105,12,12
2021-07-14 02:00:00,,0,0,0,-21,103,14,12
2021-07-14 03:00:00,,0,0,0,-35,98,19,12
2021-07-14 04:00:00,,0,0,0,-48,92,29,12
2021-07-14 05:00:00,,25,12,23,-59,85,39,12
2021-07-14 06:00:00,,90,31,83,-71,77,41,14
2021-07-14 07:00:00,,172,40,157,-82,68,43,14
2021-07-14 08:00:00,,237,33,219,-94,59,48,16
2021-07-14 09:00:00,,312,39,287,-107,50,47,17
2021-07-14 10:00:00,,469,119,380,-123,42,34,18
2021-07-14 11:00:00,,635,335,364,-143,36,20,20
2021-07-14 12:00:00,,699,408,354,-167,32,17,21
2021-07-14 13:00:00,,692,393,359,166,32,18,21
2021-07-14 14:00:00,,663,417,326,142,36,17,21
2021-07-14 15:00:00,,607,424,292,123,42,16,21
2021-07-14 16:00:00,,509,401,251,107,50,16,20
2021-07-14 17:00:00,,374,303,218,94,59,20,19
2021-07-14 18:00:00,,222,139,170,82,68,29,18
2021-07-14 19:00:00,,103,58,91,71,77,39,17
2021-07-14 20:00:00,,29,18,25,59,85,39,14
2021-07-14 21:00:00,,2,3,1,47,93,21,12
2021-07-14 22:00:00,,0,0,0,35,98,1,12
2021-07-14 23:00:00,,0,0,0,21,103,7,12
2021-07-15 00:00:00,,0,0,0,7,105,12,12
2021-07-15 01:00:00,,0,0,0,-7,105,14,12
2021-07-15 02:00:00,,0,0,0,-21,103,19,12
2021-07-15 03:00:00,,0,0,0,-35,98,28,12
2021-07-15 04:00:00,,0,0,0,-48,92,42,12
2021-07-15 05:00:00,,25,6,25,-59,85,46,14
2021-07-15 06:00:00,,119,93,98,-71,77,29,14
2021-07-15 07:00:00,,259,251,165,-82,68,18,16
2021-07-15 08:00:00,,304,100,252,-94,59,35,16
2021-07-15 09:00:00,,236,11,229,-107,50,61,16
2021-07-15 10:00:00,,270,11,262,-123,42,61,18
2021-07-15 11:00:00,,360,26,339,-143,36,54,19
2021-07-15 12:00:00,,454,51,411,-167,32,46,20
2021-07-15 13:00:00,,317,10,308,167,32,62,19
2021-07-15 14:00:00,,326,14,314,142,36,59,19
2021-07-15 15:00:00,,421,71,368,123,42,42,21
2021-07-15 16:00:00,,377,103,312,107,51,38,21
2021-07-15 17:00:00,,298,105,244,94,59,36,21
2021-07-15 18:00:00,,237,190,166,82,68,25,21
2021-07-15 19:00:00,,149,285,85,71,77,12,18
2021-07-15 20:00:00,,42,65,31,59,85,8,16
2021-07-15 21:00:00,,0,0,0,47,93,8,14
2021-07-15 22:00:00,,0,0,0,35,99,7,12
2021-07-15 23:00:00,,0,0,0,21,103,3,12
2021-07-16 00:00:00,,0,0,0,7,105,1,12
2021-07-16 01:00:00,,0,0,0,-7,105,0,12
2021-07-16 02:00:00,,0,0,0,-21,103,0,12
2021-07-16 03:00:00,,0,0,0,-35,99,0,11
2021-07-16 04:00:00,,0,0,0,-48,93,0,11
2021-07-16 05:00:00,,45,71,33,-60,85,0,12
2021-07-16 06:00:00,,166,391,78,-71,77,0,14
2021-07-16 07:00:00,,313,550,106,-82,68,0,16
2021-07-16 08:00:00,,461,654,125,-94,59,0,18
2021-07-16 09:00:00,,600,752,127,-107,51,0,19
2021-07-16 10:00:00,,717,766,147,-123,42,0,21
2021-07-16 11:00:00,,800,807,146,-143,36,0,22
2021-07-16 12:00:00,,843,817,150,-167,32,0,22
2021-07-16 13:00:00,,842,817,149,167,32,0,23
2021-07-16 14:00:00,,797,811,140,142,36,0,23
2021-07-16 15:00:00,,712,771,139,123,42,0,23
2021-07-16 16:00:00,,596,766,115,107,51,0,23
2021-07-16 17:00:00,,458,720,98,94,60,0,22
2021-07-16 18:00:00,,309,636,81,82,69,0,20
2021-07-16 19:00:00,,161,400,71,71,77,0,19
2021-07-16 20:00:00,,42,71,29,60,85,0,17
2021-07-16 21:00:00,,0,0,0,48,93,0,14
2021-07-16 22:00:00,,0,0,0,35,99,0,14
2021-07-16 23:00:00,,0,0,0,21,103,0,14
2021-07-17 00:00:00,,0,0,0,7,105,0,14
2021-07-17 01:00:00,,0,0,0,-7,105,0,14
2021-07-17 02:00:00,,0,0,0,-21,103,0,14
2021-07-17 03:00:00,,0,0,0,-35,99,0,14
2021-07-17 04:00:00,,0,0,0,-48,93,0,14
2021-07-17 05:00:00,,39,71,27,-60,86,0,14
2021-07-17 06:00:00,,155,320,83,-71,77,0,16
2021-07-17 07:00:00,,302,563,100,-82,69,0,18
2021-07-17 08:00:00,,453,672,117,-94,60,0,19
2021-07-17 09:00:00,,592,729,133,-107,51,0,21
2021-07-17 10:00:00,,708,774,142,-123,43,0,22
2021-07-17 11:00:00,,790,785,155,-143,36,0,23
2021-07-17 12:00:00,,831,792,160,-167,32,0,24
2021-07-17 13:00:00,,831,795,157,167,32,0,25
2021-07-17 14:00:00,,788,790,148,143,36,0,25
2021-07-17 15:00:00,,706,785,132,123,43,0,25
2021-07-17 16:00:00,,589,744,121,107,51,0,25
2021-07-17 17:00:00,,450,692,103,94,60,0,25
2021-07-17 18:00:00,,299,589,88,82,69,0,23
2021-07-17 19:00:00,,173,395,77,71,77,0,20
2021-07-17 20:00:00,,50,112,31,60,86,0,17
2021-07-17 21:00:00,,1,3,1,48,93,0,16
2021-07-17 22:00:00,,0,0,0,35,99,2,14
2021-07-17 23:00:00,,0,0,0,21,103,0,14
2021-07-18 00:00:00,,0,0,0,7,105,0,14
2021-07-18 01:00:00,,0,0,0,-7,105,0,14
2021-07-18 02:00:00,,0,0,0,-21,103,0,14
2021-07-18 03:00:00,,0,0,0,-35,99,0,14
2021-07-18 04:00:00,,0,0,0,-48,93,0,12
2021-07-18 05:00:00,,39,71,27,-60,86,0,14
2021-07-18 06:00:00,,157,333,82,-71,77,0,14
2021-07-18 07:00:00,,305,578,98,-83,69,0,17
2021-07-18 08:00:00,,457,686,114,-94,60,0,19
2021-07-18 09:00:00,,596,744,129,-108,51,0,20
2021-07-18 10:00:00,,714,789,137,-123,43,0,21
2021-07-18 11:00:00,,798,802,148,-143,36,0,22
2021-07-18 12:00:00,,843,816,151,-167,32,0,23
2021-07-18 13:00:00,,843,820,148,167,32,0,23
2021-07-18 14:00:00,,793,794,151,143,36,1,23
2021-07-18 15:00:00,,716,782,136,123,43,0,23
2021-07-18 16:00:00,,605,751,122,108,51,0,22
2021-07-18 17:00:00,,433,546,151,94,60,7,21
2021-07-18 18:00:00,,317,601,91,83,69,1,20
2021-07-18 19:00:00,,167,441,67,71,78,1,19
2021-07-18 20:00:00,,47,92,32,60,86,1,16
2021-07-18 21:00:00,,0,0,0,48,93,0,14
2021-07-18 22:00:00,,0,0,0,35,99,0,12
2021-07-18 23:00:00,,0,0,0,22,103,0,12
2021-07-19 00:00:00,,0,0,0,7,106,2,12
2021-07-19 01:00:00,,0,0,0,-7,106,5,12
2021-07-19 02:00:00,,0,0,0,-21,103,8,12
2021-07-19 03:00:00,,0,0,0,-35,99,12,12
2021-07-19 04:00:00,,0,0,0,-48,93,18,12
2021-07-19 05:00:00,,24,12,22,-60,86,20,12
2021-07-19 06:00:00,,112,130,85,-71,78,12,14
2021-07-19 07:00:00,,252,314,139,-83,69,5,16
2021-07-19 08:00:00,,395,456,167,-95,60,3,18
2021-07-19 09:00:00,,512,469,217,-108,51,6,19
2021-07-19 10:00:00,,614,514,238,-123,43,6,20
2021-07-19 11:00:00,,692,530,263,-143,36,6,22
2021-07-19 12:00:00,,731,538,275,-167,32,6,23
2021-07-19 13:00:00,,731,544,270,167,32,6,24
2021-07-19 14:00:00,,692,540,255,143,36,6,24
2021-07-19 15:00:00,,615,528,229,123,43,6,24
2021-07-19 16:00:00,,503,470,207,108,51,6,24
2021-07-19 17:00:00,,372,394,174,95,60,6,23
2021-07-19 18:00:00,,233,281,132,83,69,5,22
2021-07-19 19:00:00,,112,168,77,71,78,4,21
2021-07-19 20:00:00,,25,19,21,60,86,3,18
2021-07-19 21:00:00,,0,0,0,48,93,1,16
2021-07-19 22:00:00,,0,0,0,35,99,0,14
2021-07-19 23:00:00,,0,0,0,22,103,0,14
2021-07-20 00:00:00,,0,0,0,7,106,0,14
2021-07-20 01:00:00,,0,0,0,-7,106,0,14
2021-07-20 02:00:00,,0,0,0,-22,103,0,14
2021-07-20 03:00:00,,0,0,0,-35,99,0,14
2021-07-20 04:00:00,,0,0,0,-48,93,0,14
2021-07-20 05:00:00,,32,41,25,-60,86,0,14
2021-07-20 06:00:00,,144,327,76,-71,78,0,16
2021-07-20 07:00:00,,293,519,106,-83,69,0,17
2021-07-20 08:00:00,,445,645,122,-95,60,0,19
2021-07-20 09:00:00,,587,713,138,-108,51,0,20
2021-07-20 10:00:00,,706,768,144,-123,43,0,21
2021-07-20 11:00:00,,790,785,155,-143,36,0,22
2021-07-20 12:00:00,,835,820,147,-167,33,0,23
2021-07-20 13:00:00,,835,823,145,167,33,0,24
2021-07-20 14:00:00,,793,800,145,143,36,0,24
2021-07-20 15:00:00,,711,797,128,124,43,0,25
2021-07-20 16:00:00,,593,756,117,108,51,0,25
2021-07-20 17:00:00,,451,688,106,95,60,1,24
2021-07-20 18:00:00,,302,596,88,83,69,1,22
2021-07-20 19:00:00,,155,442,63,71,78,1,20
2021-07-20 20:00:00,,37,71,25,60,86,0,17
2021-07-20 21:00:00,,0,0,0,48,93,0,16
2021-07-20 22:00:00,,0,0,0,35,99,0,14
2021-07-20 23:00:00,,0,0,0,22,104,0,14
2021-07-21 00:00:00,,0,0,0,7,106,0,12
2021-07-21 01:00:00,,0,0,0,-7,106,0,12
2021-07-21 02:00:00,,0,0,0,-22,104,0,12
2021-07-21 03:00:00,,0,0,0,-35,99,0,12
2021-07-21 04:00:00,,0,0,0,-48,93,0,12
2021-07-21 05:00:00,,34,47,25,-60,86,0,12
2021-07-21 06:00:00,,149,361,74,-71,78,0,14
2021-07-21 07:00:00,,296,533,105,-83,69,0,17
2021-07-21 08:00:00,,446,650,122,-95,60,0,19
2021-07-21 09:00:00,,587,713,138,-108,51,0,21
2021-07-21 10:00:00,,702,759,147,-124,43,0,22
2021-07-21 11:00:00,,749,714,183,-143,37,2,24
2021-07-21 12:00:00,,806,753,175,-167,33,0,25
2021-07-21 13:00:00,,811,766,167,167,33,0,25
2021-07-21 14:00:00,,633,368,336,143,37,18,27
2021-07-21 15:00:00,,562,348,305,124,43,18,27
2021-07-21 16:00:00,,518,464,220,108,51,9,27
2021-07-21 17:00:00,,415,524,149,95,60,4,27
2021-07-21 18:00:00,,276,436,115,83,69,2,25
2021-07-21 19:00:00,,131,279,73,72,78,0,24
2021-07-21 20:00:00,,28,35,22,60,86,0,21
2021-07-21 21:00:00,,0,0,0,48,93,0,19
2021-07-21 22:00:00,,0,0,0,35,99,0,18
2021-07-21 23:00:00,,0,0,0,22,104,0,17
2021-07-22 00:00:00,,0,0,0,7,106,0,16
2021-07-22 01:00:00,,0,0,0,-7,106,0,14
2021-07-22 02:00:00,,0,0,0,-22,104,0,14
2021-07-22 03:00:00,,0,0,0,-35,100,0,14
2021-07-22 04:00:00,,0,0,0,-48,94,0,14
2021-07-22 05:00:00,,29,29,24,-60,86,0,14
2021-07-22 06:00:00,,140,298,78,-72,78,0,17
2021-07-22 07:00:00,,284,474,114,-83,69,0,19
2021-07-22 08:00:00,,434,601,133,-95,60,0,21
2021-07-22 09:00:00,,572,672,150,-108,51,0,22
2021-07-22 10:00:00,,688,722,160,-124,43,0,23
2021-07-22 11:00:00,,769,760,162,-143,37,0,24
2021-07-22 12:00:00,,811,766,168,-167,33,0,25
2021-07-22 13:00:00,,810,768,166,167,33,0,27
2021-07-22 14:00:00,,748,712,179,143,37,2,27
2021-07-22 15:00:00,,653,632,191,124,43,4,28
2021-07-22 16:00:00,,543,562,181,108,51,3,27
2021-07-22 17:00:00,,413,512,144,95,60,1,27
2021-07-22 18:00:00,,231,238,144,83,69,14,25
2021-07-22 19:00:00,,115,128,86,72,78,12,23
2021-07-22 20:00:00,,18,6,17,60,86,28,21
2021-07-22 21:00:00,,0,0,0,48,94,37,20
2021-07-22 22:00:00,,0,0,0,35,100,44,19
2021-07-22 23:00:00,,0,0,0,22,104,47,18
2021-07-23 00:00:00,,0,0,0,7,106,50,18
2021-07-23 01:00:00,,0,0,0,-7,106,50,17
2021-07-23 02:00:00,,0,0,0,-22,104,49,16
2021-07-23 03:00:00,,0,0,0,-35,100,49,14
2021-07-23 04:00:00,,0,0,0,-48,94,51,14
2021-07-23 05:00:00,,12,0,12,-60,86,47,14
2021-07-23 06:00:00,,79,38,71,-72,78,31,16
2021-07-23 07:00:00,,213,167,153,-83,69,14,17
2021-07-23 08:00:00,,354,296,206,-95,60,11,19
2021-07-23 09:00:00,,460,320,263,-108,52,14,20
2021-07-23 10:00:00,,553,349,302,-124,44,14,21
2021-07-23 11:00:00,,636,397,319,-143,37,12,22
2021-07-23 12:00:00,,683,426,326,-167,33,12,23
2021-07-23 13:00:00,,705,476,306,167,33,11,24
2021-07-23 14:00:00,,688,540,257,144,37,9,24
2021-07-23 15:00:00,,635,565,222,124,43,8,24
2021-07-23 16:00:00,,204,12,197,108,52,63,24
2021-07-23 17:00:00,,189,20,178,95,60,55,23
2021-07-23 18:00:00,,191,89,159,83,69,34,22
2021-07-23 19:00:00,,108,125,82,72,78,19,20
2021-07-23 20:00:00,,22,11,21,60,86,32,18
2021-07-23 21:00:00,,0,0,0,48,94,77,16
2021-07-23 22:00:00,,0,0,0,36,100,61,14
2021-07-23 23:00:00,,0,0,0,22,104,55,14
2021-07-24 00:00:00,,0,0,0,7,106,42,14
2021-07-24 01:00:00,,0,0,0,-7,106,37,14
2021-07-24 02:00:00,,0,0,0,-22,104,44,12
2021-07-24 03:00:00,,0,0,0,-35,100,51,12
2021-07-24 04:00:00,,0,0,0,-48,94,61,12
2021-07-24 05:00:00,,8,0,8,-60,87,64,12
2021-07-24 06:00:00,,49,10,47,-72,78,51,14
2021-07-24 07:00:00,,142,38,129,-83,70,39,14
2021-07-24 08:00:00,,242,62,212,-95,61,36,16
2021-07-24 09:00:00,,275,32,255,-108,52,47,17
2021-07-24 10:00:00,,219,7,213,-124,44,66,18
2021-07-24 11:00:00,,167,3,165,-143,37,77,18
2021-07-24 12:00:00,,237,5,233,-167,33,70,17
2021-07-24 13:00:00,,358,24,337,167,33,53,20
2021-07-24 14:00:00,,432,67,377,144,37,40,19
2021-07-24 15:00:00,,378,62,332,124,44,40,19
2021-07-24 16:00:00,,328,72,283,109,52,37,19
2021-07-24 17:00:00,,229,56,201,95,61,39,19
2021-07-24 18:00:00,,135,35,122,83,70,42,19
2021-07-24 19:00:00,,54,14,51,72,78,48,17
2021-07-24 20:00:00,,11,6,10,60,87,50,14
2021-07-24 21:00:00,,0,0,0,48,94,48,14
2021-07-24 22:00:00,,0,0,0,36,100,46,12
2021-07-24 23:00:00,,0,0,0,22,104,46,12
2021-07-25 00:00:00,,0,0,0,7,107,45,12
2021-07-25 01:00:00,,0,0,0,-7,107,45,12
2021-07-25 02:00:00,,0,0,0,-22,104,44,11
2021-07-25 03:00:00,,0,0,0,-35,100,45,12
2021-07-25 04:00:00,,0,0,0,-48,94,47,12
2021-07-25 05:00:00,,12,6,12,-60,87,46,12
2021-07-25 06:00:00,,81,42,73,-72,79,36,12
2021-07-25 07:00:00,,198,126,155,-83,70,25,14
2021-07-25 08:00:00,,322,198,225,-95,61,23,16
2021-07-25 09:00:00,,425,213,294,-109,52,24,18
2021-07-25 10:00:00,,521,247,343,-124,44,23,19
2021-07-25 11:00:00,,607,300,367,-143,37,20,20
2021-07-25 12:00:00,,667,378,354,-167,34,17,21
2021-07-25 13:00:00,,668,397,338,167,34,16,22
2021-07-25 14:00:00,,596,292,363,144,37,21,23
2021-07-25 15:00:00,,484,186,349,124,44,28,23
2021-07-25 16:00:00,,367,115,296,109,52,34,23
2021-07-25 17:00:00,,275,100,225,96,61,35,22
2021-07-25 18:00:00,,201,149,151,84,70,25,21
2021-07-25 19:00:00,,108,173,75,72,79,14,19
2021-07-25 20:00:00,,20,18,17,61,87,12,14
2021-07-25 21:00:00,,0,0,0,49,94,12,14
2021-07-25 22:00:00,,0,0,0,36,100,12,12
2021-07-25 23:00:00,,0,0,0,22,105,10,12
2021-07-26 00:00:00,,0,0,0,7,107,8,12
2021-07-26 01:00:00,,0,0,0,-7,107,8,12
2021-07-26 02:00:00,,0,0,0,-22,105,8,12
2021-07-26 03:00:00,,0,0,0,-35,100,8,12
2021-07-26 04:00:00,,0,0,0,-48,94,8,12
2021-07-26 05:00:00,,20,18,17,-60,87,9,12
2021-07-26 06:00:00,,112,178,79,-72,79,9,14
2021-07-26 07:00:00,,243,319,134,-83,70,8,16
2021-07-26 08:00:00,,383,425,177,-95,61,8,18
2021-07-26 09:00:00,,515,504,205,-109,52,7,19
2021-07-26 10:00:00,,621,564,222,-124,44,8,21
2021-07-26 11:00:00,,645,428,310,-144,38,15,22
2021-07-26 12:00:00,,666,380,350,-167,34,17,23
2021-07-26 13:00:00,,609,253,399,167,34,24,24
2021-07-26 14:00:00,,570,241,379,144,38,24,23
2021-07-26 15:00:00,,524,259,335,125,44,21,21
2021-07-26 16:00:00,,362,104,296,109,52,35,21
2021-07-26 17:00:00,,203,31,188,96,61,49,22
2021-07-26 18:00:00,,111,18,105,84,70,54,21
2021-07-26 19:00:00,,45,10,43,72,79,59,18
2021-07-26 20:00:00,,7,0,7,61,87,61,16
2021-07-26 21:00:00,,0,0,0,49,94,59,14
2021-07-26 22:00:00,,0,0,0,36,100,59,14
2021-07-26 23:00:00,,0,0,0,22,105,59,14
2021-07-27 00:00:00,,0,0,0,8,107,59,14
2021-07-27 01:00:00,,0,0,0,-7,107,59,14
2021-07-27 02:00:00,,0,0,0,-22,105,59,14
2021-07-27 03:00:00,,0,0,0,-36,101,59,14
2021-07-27 04:00:00,,0,0,0,-48,94,58,14
2021-07-27 05:00:00,,7,0,7,-61,87,58,14
2021-07-27 06:00:00,,45,10,43,-72,79,57,14
2021-07-27 07:00:00,,108,12,103,-84,70,54,14
2021-07-27 08:00:00,,195,23,184,-96,61,51,14
2021-07-27 09:00:00,,188,8,182,-109,52,64,16
2021-07-27 10:00:00,,256,11,248,-124,44,60,17
2021-07-27 11:00:00,,331,19,316,-144,38,56,17
2021-07-27 12:00:00,,354,18,339,-167,34,56,17
2021-07-27 13:00:00,,357,21,340,168,34,54,18
2021-07-27 14:00:00,,389,37,360,144,38,49,19
2021-07-27 15:00:00,,409,82,349,125,44,39,19
2021-07-27 16:00:00,,379,132,298,109,52,32,20
2021-07-27 17:00:00,,284,126,222,96,61,31,19
2021-07-27 18:00:00,,146,41,132,84,70,44,18
2021-07-27 19:00:00,,49,10,47,72,79,59,16
2021-07-27 20:00:00,,7,0,7,61,87,63,14
2021-07-27 21:00:00,,0,0,0,49,95,62,14
2021-07-27 22:00:00,,0,0,0,36,101,59,14
2021-07-27 23:00:00,,0,0,0,22,105,59,14
2021-07-28 00:00:00,,0,0,0,8,107,58,14
2021-07-28 01:00:00,,0,0,0,-7,107,54,14
2021-07-28 02:00:00,,0,0,0,-22,105,53,12
2021-07-28 03:00:00,,0,0,0,-36,101,50,12
2021-07-28 04:00:00,,0,0,0,-49,95,46,12
2021-07-28 05:00:00,,9,0,9,-61,87,43,12
2021-07-28 06:00:00,,59,21,56,-72,79,43,12
2021-07-28 07:00:00,,152,41,138,-84,70,40,14
2021-07-28 08:00:00,,294,130,230,-96,61,29,14
2021-07-28 09:00:00,,470,338,263,-109,52,17,16
2021-07-28 10:00:00,,616,519,243,-125,44,10,17
2021-07-28 11:00:00,,644,397,330,-144,38,17,18
2021-07-28 12:00:00,,521,111,428,-167,34,36,19
2021-07-28 13:00:00,,422,39,390,168,34,49,16
2021-07-28 14:00:00,,470,86,403,144,38,40,17
2021-07-28 15:00:00,,534,279,333,125,44,24,16
2021-07-28 16:00:00,,491,418,234,109,52,16,17
2021-07-28 17:00:00,,374,392,184,96,61,16,17
2021-07-28 18:00:00,,229,239,147,84,70,22,14
2021-07-28 19:00:00,,103,115,81,73,79,28,14
2021-07-28 20:00:00,,17,12,14,61,87,29,12
2021-07-28 21:00:00,,0,0,0,49,95,25,11
2021-07-28 22:00:00,,0,0,0,36,101,23,10
2021-07-28 23:00:00,,0,0,0,22,105,21,9
2021-07-29 00:00:00,,0,0,0,8,108,19,9
2021-07-29 01:00:00,,0,0,0,-7,108,17,9
2021-07-29 02:00:00,,0,0,0,-22,105,14,9
2021-07-29 03:00:00,,0,0,0,-36,101,14,9
2021-07-29 04:00:00,,0,0,0,-49,95,19,9
2021-07-29 05:00:00,,17,12,14,-61,88,19,10
2021-07-29 06:00:00,,119,210,79,-72,79,10,12
2021-07-29 07:00:00,,248,325,137,-84,70,10,12
2021-07-29 08:00:00,,281,103,232,-96,61,33,14
2021-07-29 09:00:00,,219,12,213,-109,53,61,14
2021-07-29 10:00:00,,198,4,196,-125,45,71,14
2021-07-29 11:00:00,,229,5,225,-144,38,70,14
2021-07-29 12:00:00,,253,6,248,-167,34,68,14
2021-07-29 13:00:00,,271,7,265,168,34,66,16
2021-07-29 14:00:00,,290,11,281,144,38,62,16
2021-07-29 15:00:00,,293,20,279,125,45,56,17
2021-07-29 16:00:00,,261,27,245,109,53,53,14
2021-07-29 17:00:00,,215,35,198,96,61,48,16
2021-07-29 18:00:00,,154,50,137,84,70,42,16
2021-07-29 19:00:00,,78,47,69,73,79,37,16
2021-07-29 20:00:00,,11,6,10,61,88,37,14
2021-07-29 21:00:00,,0,0,0,49,95,39,12
2021-07-29 22:00:00,,0,0,0,36,101,38,12
2021-07-29 23:00:00,,0,0,0,22,105,38,11
2021-07-30 00:00:00,,0,0,0,8,108,41,11
2021-07-30 01:00:00,,0,0,0,-7,108,45,11
2021-07-30 02:00:00,,0,0,0,-22,106,50,11
2021-07-30 03:00:00,,0,0,0,-36,101,54,11
2021-07-30 04:00:00,,0,0,0,-49,95,57,11
2021-07-30 05:00:00,,7,0,7,-61,88,58,11
2021-07-30 06:00:00,,51,10,49,-73,79,58,12
2021-07-30 07:00:00,,116,14,111,-84,71,57,14
2021-07-30 08:00:00,,196,23,184,-96,62,53,14
2021-07-30 09:00:00,,285,33,265,-109,53,49,17
2021-07-30 10:00:00,,380,54,341,-125,45,44,18
2021-07-30 11:00:00,,455,76,395,-144,38,40,19
2021-07-30 12:00:00,,485,81,418,-167,35,40,19
2021-07-30 13:00:00,,470,74,410,168,35,41,20
2021-07-30 14:00:00,,424,57,379,144,38,44,19
2021-07-30 15:00:00,,357,45,325,125,45,47,19
2021-07-30 16:00:00,,271,32,252,110,53,51,19
2021-07-30 17:00:00,,189,23,178,96,62,54,18
2021-07-30 18:00:00,,114,18,108,84,71,56,17
2021-07-30 19:00:00,,53,10,51,73,79,57,16
2021-07-30 20:00:00,,7,0,7,61,88,57,14
2021-07-30 21:00:00,,0,0,0,49,95,57,14
2021-07-30 22:00:00,,0,0,0,36,101,54,14
2021-07-30 23:00:00,,0,0,0,22,106,51,14
2021-07-31 00:00:00,,0,0,0,8,108,49,12
2021-07-31 01:00:00,,0,0,0,-7,108,48,12
2021-07-31 02:00:00,,0,0,0,-22,106,49,12
2021-07-31 03:00:00,,0,0,0,-36,101,50,12
2021-07-31 04:00:00,,0,0,0,-49,95,49,12
2021-07-31 05:00:00,,7,0,7,-61,88,47,12
2021-07-31 06:00:00,,61,23,57,-73,80,45,12
2021-07-31 07:00:00,,144,37,132,-84,71,43,14
2021-07-31 08:00:00,,232,49,209,-96,62,43,16
2021-07-31 09:00:00,,306,48,276,-110,53,44,17
2021-07-31 10:00:00,,364,48,331,-125,45,45,18
2021-07-31 11:00:00,,405,46,369,-144,39,46,18
2021-07-31 12:00:00,,427,46,389,-167,35,46,19
2021-07-31 13:00:00,,434,51,392,168,35,45,19
2021-07-31 14:00:00,,425,62,377,145,39,43,18
2021-07-31 15:00:00,,394,72,343,125,45,41,18
2021-07-31 16:00:00,,329,75,284,110,53,40,18
2021-07-31 17:00:00,,248,75,213,97,62,39,17
2021-07-31 18:00:00,,157,65,136,84,71,38,17
2021-07-31 19:00:00,,70,46,62,73,80,37,16
2021-07-31 20:00:00,,9,6,8,61,88,35,14
2021-07-31 21:00:00,,0,0,0,49,95,33,12
2021-07-31 22:00:00,,0,0,0,36,101,31,12
2021-07-31 23:00:00,,0,0,0,22,106,29,12
2021-08-01 00:00:00,,0,0,0,8,108,29,14
2021-08-01 01:00:00,,0,0,0,-7,108,29,12
2021-08-01 02:00:00,,0,0,0,-22,106,31,12
2021-08-01 03:00:00,,0,0,0,-36,102,32,12
2021-08-01 04:00:00,,0,0,0,-49,96,33,12
2021-08-01 05:00:00,,8,6,7,-61,88,35,12
2021-08-01 06:00:00,,68,35,62,-73,80,37,12
2021-08-01 07:00:00,,156,51,139,-84,71,38,12
2021-08-01 08:00:00,,249,68,217,-96,62,38,14
2021-08-01 09:00:00,,339,78,292,-110,53,38,14
2021-08-01 10:00:00,,417,92,352,-125,45,37,16
2021-08-01 11:00:00,,468,90,397,-144,39,38,17
2021-08-01 12:00:00,,490,90,415,-167,35,38,18
2021-08-01 13:00:00,,488,85,418,168,35,39,17
2021-08-01 14:00:00,,472,102,393,145,39,37,17
2021-08-01 15:00:00,,437,122,349,126,45,34,17
2021-08-01 16:00:00,,367,126,291,110,53,33,17
2021-08-01 17:00:00,,278,130,217,97,62,31,16
2021-08-01 18:00:00,,178,114,140,85,71,29,16
2021-08-01 19:00:00,,79,75,66,73,80,27,14
2021-08-01 20:00:00,,9,6,8,61,88,25,14
2021-08-01 21:00:00,,0,0,0,49,96,22,12
2021-08-01 22:00:00,,0,0,0,36,102,19,12
2021-08-01 23:00:00,,0,0,0,22,106,17,12
2021-08-02 00:00:00,,0,0,0,8,108,14,12
2021-08-02 01:00:00,,0,0,0,-7,108,14,12
2021-08-02 02:00:00,,0,0,0,-22,106,16,12
2021-08-02 03:00:00,,0,0,0,-36,102,18,11
2021-08-02 04:00:00,,0,0,0,-49,96,20,12
2021-08-02 05:00:00,,9,6,8,-61,88,20,12
2021-08-02 06:00:00,,85,86,70,-73,80,20,12
2021-08-02 07:00:00,,201,172,145,-85,71,19,14
2021-08-02 08:00:00,,325,241,212,-97,62,19,14
2021-08-02 09:00:00,,434,266,275,-110,53,20,16
2021-08-02 10:00:00,,518,260,334,-126,45,22,17
2021-08-02 11:00:00,,565,245,374,-145,39,24,18
2021-08-02 12:00:00,,575,204,408,-167,35,27,19
2021-08-02 13:00:00,,563,181,415,168,35,29,19
2021-08-02 14:00:00,,536,196,384,145,39,28,19
2021-08-02 15:00:00,,490,215,338,126,45,25,19
2021-08-02 16:00:00,,409,213,280,110,53,25,18
2021-08-02 17:00:00,,304,200,210,97,62,24,18
2021-08-02 18:00:00,,187,147,139,85,71,24,17
2021-08-02 19:00:00,,80,81,66,73,80,25,14
2021-08-02 20:00:00,,8,6,7,62,88,24,12
2021-08-02 21:00:00,,0,0,0,49,96,23,11
2021-08-02 22:00:00,,0,0,0,36,102,20,11
2021-08-02 23:00:00,,0,0,0,22,106,18,10
2021-08-03 00:00:00,,0,0,0,8,109,17,10
2021-08-03 01:00:00,,0,0,0,-7,109,18,10
2021-08-03 02:00:00,,0,0,0,-22,106,21,10
2021-08-03 03:00:00,,0,0,0,-36,102,25,10
2021-08-03 04:00:00,,0,0,0,-49,96,29,10
2021-08-03 05:00:00,,6,6,5,-61,89,29,11
2021-08-03 06:00:00,,75,51,66,-73,80,27,12
2021-08-03 07:00:00,,188,132,145,-85,71,23,12
2021-08-03 08:00:00,,311,204,215,-97,62,21,14
2021-08-03 17:00:00,,263,102,215,97,62,36,17
2021-08-03 18:00:00,,168,82,141,85,71,35,17
2021-08-03 19:00:00,,74,44,66,73,80,36,14
2021-08-03 20:00:00,,10,4,10,62,89,35,12
2021-08-03 21:00:00,,0,0,0,50,96,43,12
2021-08-03 22:00:00,,0,0,0,36,102,45,11
2021-08-03 23:00:00,,0,0,0,22,107,46,11
2021-08-04 00:00:00,,0,0,0,8,109,47,11
2021-08-04 01:00:00,,0,0,0,-7,109,49,11
2021-08-04 02:00:00,,0,0,0,-22,107,49,10
2021-08-04 03:00:00,,0,0,0,-36,102,49,10
2021-08-04 04:00:00,,0,0,0,-49,96,50,10
2021-08-04 05:00:00,,4,0,4,-62,89,45,10
2021-08-04 06:00:00,,70,46,62,-73,80,28,12
2021-08-04 07:00:00,,205,245,129,-85,72,12,12
2021-08-04 08:00:00,,354,410,168,-97,63,8,14
2021-08-04 09:00:00,,474,432,219,-110,54,10,16
2021-08-04 10:00:00,,579,472,251,-126,46,10,17
2021-08-04 11:00:00,,670,563,238,-145,40,7,19
2021-08-04 12:00:00,,731,633,218,-168,36,4,20
2021-08-04 13:00:00,,718,586,244,168,36,7,20
2021-08-04 14:00:00,,608,381,316,145,40,17,21
2021-08-04 15:00:00,,473,194,338,126,46,28,21
2021-08-04 16:00:00,,352,112,286,111,54,35,18
2021-08-04 17:00:00,,249,88,209,97,63,37,18
2021-08-04 18:00:00,,151,68,130,85,72,38,17
2021-08-04 19:00:00,,63,35,57,74,80,40,16
2021-08-04 20:00:00,,4,0,4,62,89,45,14
2021-08-04 21:00:00,,0,0,0,50,96,51,14
2021-08-04 22:00:00,,0,0,0,37,102,56,14
2021-08-04 23:00:00,,0,0,0,22,107,57,12
2021-08-05 00:00:00,,0,0,0,8,109,59,12
2021-08-05 01:00:00,,0,0,0,-8,109,59,12
2021-08-05 02:00:00,,0,0,0,-22,107,59,12
2021-08-05 03:00:00,,0,0,0,-36,103,61,12
2021-08-05 04:00:00,,0,0,0,-50,96,62,12
2021-08-05 05:00:00,,3,0,3,-62,89,64,12
2021-08-05 06:00:00,,39,6,38,-74,81,65,12
2021-08-05 07:00:00,,85,6,83,-85,72,66,12
2021-08-05 08:00:00,,130,7,127,-97,63,68,14
2021-08-05 09:00:00,,171,5,168,-111,54,68,12
2021-08-05 10:00:00,,219,6,215,-126,46,67,14
2021-08-05 11:00:00,,270,9,263,-145,40,64,12
2021-08-05 12:00:00,,316,12,306,-168,36,59,12
2021-08-05 13:00:00,,347,20,331,168,36,56,12
2021-08-05 14:00:00,,353,25,333,145,40,53,12
2021-08-05 15:00:00,,331,35,307,126,46,50,14
2021-08-05 16:00:00,,266,31,248,111,54,51,14
2021-08-05 17:00:00,,190,25,178,97,63,51,14
2021-08-05 18:00:00,,112,23,106,85,72,53,16
2021-08-05 19:00:00,,48,18,45,74,81,53,14
2021-08-05 20:00:00,,3,0,3,62,89,53,14
2021-08-05 21:00:00,,0,0,0,50,96,51,14
2021-08-05 22:00:00,,0,0,0,37,103,51,12
2021-08-05 23:00:00,,0,0,0,23,107,50,14
2021-08-06 00:00:00,,0,0,0,8,110,51,14
2021-08-06 01:00:00,,0,0,0,-8,110,53,14
2021-08-06 02:00:00,,0,0,0,-22,107,54,14
2021-08-06 03:00:00,,0,0,0,-37,103,57,14
2021-08-06 04:00:00,,0,0,0,-50,97,59,14
2021-08-06 05:00:00,,2,0,2,-62,89,59,14
2021-08-06 06:00:00,,57,18,54,-74,81,48,14
2021-08-06 07:00:00,,152,54,135,-85,72,40,14
2021-08-06 08:00:00,,229,48,207,-97,63,44,16
2021-08-06 09:00:00,,272,29,255,-111,54,51,17
2021-08-06 10:00:00,,329,29,308,-126,46,51,16
2021-08-06 11:00:00,,403,48,367,-145,40,46,17
2021-08-06 12:00:00,,463,68,408,-168,36,42,17
2021-08-06 13:00:00,,495,96,417,168,36,38,18
2021-08-06 14:00:00,,488,127,392,145,40,35,18
2021-08-06 15:00:00,,439,125,352,126,46,35,18
2021-08-06 16:00:00,,342,95,286,111,54,38,18
2021-08-06 17:00:00,,245,77,210,98,63,40,17
2021-08-06 18:00:00,,160,78,136,85,72,38,16
2021-08-06 19:00:00,,74,71,62,74,81,33,14
2021-08-06 20:00:00,,3,0,3,62,89,32,12
2021-08-06 21:00:00,,0,0,0,50,97,33,11
2021-08-06 22:00:00,,0,0,0,37,103,34,11
2021-08-06 23:00:00,,0,0,0,23,107,31,11
2021-08-07 00:00:00,,0,0,0,8,110,34,11
2021-08-07 01:00:00,,0,0,0,-8,110,38,11
2021-08-07 02:00:00,,0,0,0,-23,107,47,12
2021-08-07 03:00:00,,0,0,0,-37,103,54,12
2021-08-07 04:00:00,,0,0,0,-50,97,53,12
2021-08-07 05:00:00,,2,0,2,-62,89,49,12
2021-08-07 06:00:00,,54,24,51,-74,81,44,12
2021-08-07 07:00:00,,144,45,130,-86,72,41,12
2021-08-07 08:00:00,,230,57,205,-98,63,41,14
2021-08-07 09:00:00,,287,41,263,-111,54,46,16
2021-08-07 10:00:00,,316,28,298,-127,47,51,16
2021-08-07 11:00:00,,335,21,319,-145,40,54,17
2021-08-07 12:00:00,,349,21,333,-168,37,54,17
2021-08-07 13:00:00,,362,24,343,168,37,54,16
2021-08-07 14:00:00,,364,31,341,145,40,51,16
2021-08-07 15:00:00,,347,45,316,127,47,47,14
2021-08-07 16:00:00,,289,46,262,111,54,46,14
2021-08-07 17:00:00,,213,44,194,98,63,46,14
2021-08-07 18:00:00,,132,39,119,86,72,45,14
2021-08-07 19:00:00,,54,24,50,74,81,44,14
2021-08-07 20:00:00,,2,0,2,62,89,41,12
2021-08-07 21:00:00,,0,0,0,50,97,37,12
2021-08-07 22:00:00,,0,0,0,37,103,33,11
2021-08-07 23:00:00,,0,0,0,23,108,29,11
2021-08-08 00:00:00,,0,0,0,8,110,29,11
2021-08-08 01:00:00,,0,0,0,-8,110,31,11
2021-08-08 02:00:00,,0,0,0,-23,108,35,12
2021-08-08 03:00:00,,0,0,0,-37,103,40,12
2021-08-08 04:00:00,,0,0,0,-50,97,44,11
2021-08-08 05:00:00,,1,0,1,-62,90,43,11
2021-08-08 06:00:00,,58,29,53,-74,81,39,11
2021-08-08 07:00:00,,154,65,134,-86,72,35,12
2021-08-08 08:00:00,,252,81,215,-98,63,36,14
2021-08-08 09:00:00,,318,71,276,-111,55,40,14
2021-08-08 10:00:00,,367,54,330,-127,47,44,14
2021-08-08 11:00:00,,268,27,247,-146,41,64,14
2021-08-08 12:00:00,,366,27,345,-168,37,53,14
2021-08-08 13:00:00,,297,11,288,168,37,62,16
2021-08-08 14:00:00,,288,16,275,146,41,61,16
2021-08-08 15:00:00,,229,8,223,127,47,65,18
2021-08-08 16:00:00,,302,57,269,111,55,45,17
2021-08-08 17:00:00,,316,267,196,98,63,20,17
2021-08-08 18:00:00,,172,122,134,86,72,28,16
2021-08-08 19:00:00,,59,35,53,74,81,38,14
2021-08-08 20:00:00,,1,0,1,62,90,39,12
2021-08-08 21:00:00,,0,0,0,50,97,33,12
2021-08-08 22:00:00,,0,0,0,37,103,25,12
2021-08-08 23:00:00,,0,0,0,23,108,19,11
2021-08-09 00:00:00,,0,0,0,8,110,14,11
2021-08-09 01:00:00,,0,0,0,-8,110,12,10
2021-08-09 02:00:00,,0,0,0,-23,108,12,10
2021-08-09 03:00:00,,0,0,0,-37,103,12,10
2021-08-09 04:00:00,,0,0,0,-50,97,12,10
2021-08-09 05:00:00,,1,0,1,-63,90,14,10
2021-08-09 06:00:00,,87,129,65,-74,81,14,11
2021-08-09 07:00:00,,209,294,122,-86,73,14,12
2021-08-09 08:00:00,,322,294,193,-98,64,19,14
2021-08-09 09:00:00,,360,119,291,-111,55,34,16
2021-08-09 10:00:00,,280,18,268,-127,47,57,16
2021-08-09 11:00:00,,249,7,244,-146,41,67,16
2021-08-09 12:00:00,,415,44,381,-168,37,47,16
2021-08-09 13:00:00,,556,189,405,168,37,29,18
2021-08-09 14:00:00,,491,143,383,146,41,33,18
2021-08-09 15:00:00,,369,63,327,127,47,43,18
2021-08-09 16:00:00,,293,51,263,111,55,45,17
2021-08-09 17:00:00,,228,68,198,98,64,41,17
2021-08-09 18:00:00,,139,62,121,86,73,40,16
2021-08-09 19:00:00,,57,35,51,74,82,40,14
2021-08-09 20:00:00,,0,0,0,63,90,35,14
2021-08-09 21:00:00,,0,0,0,50,98,27,12
2021-08-09 22:00:00,,0,0,0,37,104,19,12
2021-08-09 23:00:00,,0,0,0,23,108,14,11
2021-08-10 00:00:00,,0,0,0,8,111,11,11
2021-08-10 01:00:00,,0,0,0,-8,111,9,11
2021-08-10 02:00:00,,0,0,0,-23,108,8,11
2021-08-10 03:00:00,,0,0,0,-37,104,7,11
2021-08-10 04:00:00,,0,0,0,-50,98,7,10
2021-08-10 05:00:00,,0,0,0,-63,90,8,10
2021-08-10 06:00:00,,84,159,57,-74,82,9,12
2021-08-10 07:00:00,,211,318,118,-86,73,11,12
2021-08-10 08:00:00,,340,369,178,-98,64,14,14
2021-08-10 09:00:00,,456,392,230,-112,55,14,16
2021-08-10 10:00:00,,561,425,271,-127,47,14,17
2021-08-10 11:00:00,,616,403,311,-146,41,17,18
2021-08-10 12:00:00,,596,279,376,-168,38,24,19
2021-08-10 13:00:00,,568,216,397,168,38,28,20
2021-08-10 14:00:00,,570,300,343,146,41,22,21
2021-08-10 15:00:00,,534,375,278,127,47,17,21
2021-08-10 16:00:00,,426,316,244,112,55,19,20
2021-08-10 17:00:00,,298,242,192,98,64,22,18
2021-08-10 18:00:00,,182,192,126,86,73,22,18
2021-08-10 19:00:00,,73,106,54,74,82,18,16
2021-08-10 20:00:00,,0,0,0,63,90,14,14
2021-08-10 21:00:00,,0,0,0,50,98,10,12
2021-08-10 22:00:00,,0,0,0,37,104,7,12
2021-08-10 23:00:00,,0,0,0,23,109,6,12
2021-08-11 00:00:00,,0,0,0,8,111,5,11
2021-08-11 01:00:00,,0,0,0,-8,111,5,11
2021-08-11 02:00:00,,0,0,0,-23,109,5,11
2021-08-11 03:00:00,,0,0,0,-37,104,4,11
2021-08-11 04:00:00,,0,0,0,-51,98,3,11
2021-08-11 05:00:00,,0,0,0,-63,90,3,11
2021-08-11 06:00:00,,79,135,56,-75,82,4,12
2021-08-11 07:00:00,,209,339,109,-86,73,5,14
2021-08-11 08:00:00,,346,433,156,-99,64,7,16
2021-08-11 09:00:00,,470,464,205,-112,55,9,17
2021-08-11 10:00:00,,570,482,241,-127,47,10,19
2021-08-11 11:00:00,,637,473,280,-146,41,12,20
2021-08-11 12:00:00,,265,8,258,-168,38,65,20
2021-08-11 13:00:00,,275,9,267,168,38,63,20
2021-08-11 14:00:00,,229,6,224,146,41,68,21
2021-08-11 15:00:00,,242,12,234,127,48,61,21
2021-08-11 16:00:00,,204,13,196,112,55,61,20
2021-08-11 17:00:00,,125,7,122,98,64,67,20
2021-08-11 18:00:00,,97,14,93,86,73,59,17
2021-08-11 19:00:00,,29,6,28,75,82,65,16
2021-08-11 20:00:00,,0,0,0,63,91,62,16
2021-08-11 21:00:00,,0,0,0,50,98,61,16
2021-08-11 22:00:00,,0,0,0,37,104,59,16
2021-08-11 23:00:00,,0,0,0,23,109,56,16
2021-08-12 00:00:00,,0,0,0,8,111,52,16
2021-08-12 01:00:00,,0,0,0,-8,111,44,14
2021-08-12 02:00:00,,0,0,0,-23,109,34,14
2021-08-12 03:00:00,,0,0,0,-37,104,11,12
2021-08-12 04:00:00,,0,0,0,-51,98,3,11
2021-08-12 05:00:00,,0,0,0,-63,90,2,11
2021-08-12 06:00:00,,57,44,48,-75,82,3,11
2021-08-12 07:00:00,,173,192,117,-87,73,2,12
2021-08-12 08:00:00,,327,380,156,-99,64,1,14
2021-08-12 09:00:00,,479,522,173,-112,55,1,14
2021-08-12 10:00:00,,603,600,171,-128,48,1,17
2021-08-12 11:00:00,,697,652,166,-146,42,0,18
2021-08-12 12:00:00,,747,681,170,-168,38,0,20
2021-08-12 13:00:00,,727,653,192,168,38,1,20
2021-08-12 14:00:00,,663,600,201,146,42,3,21
2021-08-12 15:00:00,,559,512,211,127,48,6,21
2021-08-12 16:00:00,,439,436,194,112,56,9,20
2021-08-12 17:00:00,,295,267,177,99,64,15,19
2021-08-12 18:00:00,,158,135,119,86,73,21,17
2021-08-12 19:00:00,,93,208,57,75,82,3,16
2021-08-12 20:00:00,,4,5,3,63,91,27,14
2021-08-12 21:00:00,,0,0,0,51,98,25,12
2021-08-12 22:00:00,,0,0,0,37,105,26,12
2021-08-12 23:00:00,,0,0,0,23,109,31,12
2021-08-13 00:00:00,,0,0,0,8,111,35,11
2021-08-13 01:00:00,,0,0,0,-8,111,36,11
2021-08-13 02:00:00,,0,0,0,-23,109,38,11
2021-08-13 03:00:00,,0,0,0,-38,105,40,11
2021-08-13 04:00:00,,0,0,0,-51,98,44,11
2021-08-13 05:00:00,,0,0,0,-63,91,52,12
2021-08-13 06:00:00,,24,6,23,-75,82,56,12
2021-08-13 07:00:00,,88,14,84,-87,73,51,14
2021-08-13 08:00:00,,188,32,174,-99,64,45,14
2021-08-13 09:00:00,,294,56,262,-112,56,42,16
2021-08-13 10:00:00,,395,88,335,-128,48,37,18
2021-08-13 11:00:00,,475,124,382,-147,42,34,19
2021-08-13 12:00:00,,514,137,406,-169,38,33,19
2021-08-13 13:00:00,,560,215,391,168,38,27,20
2021-08-13 14:00:00,,408,74,352,146,42,44,20
2021-08-13 15:00:00,,266,20,252,128,48,59,19
2021-08-13 16:00:00,,439,347,240,112,56,19,19
2021-08-13 17:00:00,,372,644,100,99,65,2,18
2021-08-13 18:00:00,,221,527,76,87,74,2,17
2021-08-13 19:00:00,,78,202,44,75,83,4,14
2021-08-13 20:00:00,,0,0,0,63,91,9,14
2021-08-13 21:00:00,,0,0,0,51,99,12,14
2021-08-13 22:00:00,,0,0,0,37,105,14,12
2021-08-13 23:00:00,,0,0,0,23,109,13,12
2021-08-14 00:00:00,,0,0,0,8,112,11,12
2021-08-14 01:00:00,,0,0,0,-8,112,15,12
2021-08-14 02:00:00,,0,0,0,-23,109,23,11
2021-08-14 03:00:00,,0,0,0,-38,105,32,11
2021-08-14 04:00:00,,0,0,0,-51,98,33,10
2021-08-14 05:00:00,,0,0,0,-63,91,32,10
2021-08-14 06:00:00,,55,39,49,-75,82,31,11
2021-08-14 07:00:00,,154,123,120,-87,74,28,12
2021-08-14 08:00:00,,269,182,192,-99,65,25,14
2021-08-14 09:00:00,,380,224,254,-113,56,23,17
2021-08-14 10:00:00,,458,204,321,-128,48,26,18
2021-08-14 11:00:00,,490,156,373,-147,42,30,19
2021-08-14 12:00:00,,488,114,398,-169,39,35,20
2021-08-14 13:00:00,,463,90,393,168,39,38,21
2021-08-14 14:00:00,,392,53,351,146,42,44,21
2021-08-14 15:00:00,,303,30,282,128,48,50,21
2021-08-14 16:00:00,,223,20,211,112,56,54,19
2021-08-14 17:00:00,,142,14,136,99,65,58,17
2021-08-14 18:00:00,,65,7,63,87,74,66,16
2021-08-14 19:00:00,,20,6,19,75,83,68,14
2021-08-14 20:00:00,,0,0,0,63,91,67,14
2021-08-14 21:00:00,,0,0,0,51,99,66,12
2021-08-14 22:00:00,,0,0,0,37,105,66,14
2021-08-14 23:00:00,,0,0,0,23,110,66,14
2021-08-15 00:00:00,,0,0,0,8,112,66,14
2021-08-15 01:00:00,,0,0,0,-8,112,68,14
2021-08-15 02:00:00,,0,0,0,-23,110,66,14
2021-08-15 03:00:00,,0,0,0,-38,105,61,14
2021-08-15 04:00:00,,0,0,0,-51,99,56,14
2021-08-15 05:00:00,,0,0,0,-64,91,54,14
2021-08-15 06:00:00,,34,9,32,-76,83,51,14
2021-08-15 07:00:00,,113,33,103,-87,74,44,14
2021-08-15 08:00:00,,231,91,193,-99,65,34,17
2021-08-15 09:00:00,,345,142,264,-113,56,29,19
2021-08-15 10:00:00,,433,163,323,-128,48,27,20
2021-08-15 11:00:00,,507,197,360,-147,42,24,21
2021-08-15 12:00:00,,564,263,359,-169,39,20,23
2021-08-15 13:00:00,,532,204,373,168,39,23,21
2021-08-15 14:00:00,,470,160,352,146,43,27,20
2021-08-15 15:00:00,,374,103,306,128,49,32,20
2021-08-15 16:00:00,,303,97,250,112,57,33,20
2021-08-15 17:00:00,,225,95,185,99,65,32,20
2021-08-15 18:00:00,,136,77,115,87,74,34,18
2021-08-15 19:00:00,,40,19,36,75,83,42,16
2021-08-15 20:00:00,,0,0,0,63,92,51,14
2021-08-15 21:00:00,,0,0,0,51,99,58,12
2021-08-15 22:00:00,,0,0,0,37,105,63,14
2021-08-15 23:00:00,,0,0,0,23,110,68,14
2021-08-16 00:00:00,,0,0,0,8,112,69,14
2021-08-16 01:00:00,,0,0,0,-8,112,64,14
2021-08-16 02:00:00,,0,0,0,-24,110,62,12
2021-08-16 03:00:00,,0,0,0,-38,105,57,12
2021-08-16 04:00:00,,0,0,0,-51,99,57,12
2021-08-16 05:00:00,,0,0,0,-64,91,55,11
2021-08-16 06:00:00,,25,6,24,-76,83,57,12
2021-08-16 07:00:00,,93,18,88,-87,74,51,12
2021-08-16 08:00:00,,190,35,175,-100,65,46,14
2021-08-16 09:00:00,,270,40,248,-113,56,46,14
2021-08-16 10:00:00,,348,53,313,-129,49,44,14
2021-08-16 11:00:00,,409,64,362,-147,43,42,14
2021-08-16 12:00:00,,420,54,377,-169,39,44,16
2021-08-16 13:00:00,,413,50,374,168,39,45,16
2021-08-16 14:00:00,,379,44,345,146,43,47,14
2021-08-16 15:00:00,,337,48,305,128,49,46,14
2021-08-16 16:00:00,,259,38,238,113,57,49,14
2021-08-16 17:00:00,,172,28,160,99,66,52,14
2021-08-16 18:00:00,,86,14,82,87,75,58,14
2021-08-16 19:00:00,,29,6,28,75,83,55,12
2021-08-16 20:00:00,,0,0,0,63,92,44,12
2021-08-16 21:00:00,,0,0,0,51,99,30,11
2021-08-16 22:00:00,,0,0,0,38,106,27,11
2021-08-16 23:00:00,,0,0,0,23,110,28,10
2021-08-17 00:00:00,,0,0,0,8,113,29,11
2021-08-17 01:00:00,,0,0,0,-8,113,34,11
2021-08-17 02:00:00,,0,0,0,-24,110,39,11
2021-08-17 03:00:00,,0,0,0,-38,106,43,11
2021-08-17 04:00:00,,0,0,0,-52,99,46,12
2021-08-17 05:00:00,,0,0,0,-64,92,45,12
2021-08-17 06:00:00,,32,8,31,-76,83,46,12
2021-08-17 07:00:00,,105,28,97,-88,74,45,12
2021-08-17 08:00:00,,197,46,177,-100,65,42,14
2021-08-17 09:00:00,,277,57,245,-113,57,43,14
2021-08-17 10:00:00,,343,57,305,-129,49,43,14
2021-08-17 11:00:00,,395,59,351,-148,43,42,14
2021-08-17 12:00:00,,414,57,370,-169,40,43,14
2021-08-17 13:00:00,,393,45,358,168,40,46,14
2021-08-17 14:00:00,,351,35,325,147,43,48,14
2021-08-17 15:00:00,,286,26,268,128,49,52,14
2021-08-17 16:00:00,,238,30,221,113,57,50,14
2021-08-17 17:00:00,,170,31,157,99,66,49,14
2021-08-17 18:00:00,,95,25,88,87,75,48,14
2021-08-17 19:00:00,,27,7,25,75,84,50,14
2021-08-17 20:00:00,,0,0,0,64,92,49,12
2021-08-17 21:00:00,,0,0,0,51,100,48,12
2021-08-17 22:00:00,,0,0,0,38,106,47,12
2021-08-17 23:00:00,,0,0,0,23,111,47,12
2021-08-18 00:00:00,,0,0,0,8,113,46,12
2021-08-18 01:00:00,,0,0,0,-8,113,45,12
2021-08-18 02:00:00,,0,0,0,-24,110,45,12
2021-08-18 03:00:00,,0,0,0,-38,106,45,12
2021-08-18 04:00:00,,0,0,0,-52,99,45,12
2021-08-18 05:00:00,,0,0,0,-64,92,45,12
2021-08-18 06:00:00,,32,9,30,-76,83,46,11
2021-08-18 07:00:00,,107,29,99,-88,74,43,12
2021-08-18 08:00:00,,207,55,184,-100,65,39,12
2021-08-18 09:00:00,,301,78,259,-114,57,37,14
2021-08-18 10:00:00,,385,94,323,-129,49,36,14
2021-08-18 11:00:00,,442,106,364,-148,43,35,16
2021-08-18 12:00:00,,477,121,384,-169,40,34,18
2021-08-18 13:00:00,,474,116,384,168,40,35,18
2021-08-18 14:00:00,,440,112,359,147,44,35,18
2021-08-18 15:00:00,,378,99,314,128,50,36,18
2021-08-18 16:00:00,,297,82,252,113,57,37,17
2021-08-18 17:00:00,,199,62,174,100,66,39,17
2021-08-18 18:00:00,,100,33,91,87,75,44,16
2021-08-18 19:00:00,,25,6,24,76,84,50,16
2021-08-18 20:00:00,,0,0,0,64,92,55,14
2021-08-18 21:00:00,,0,0,0,51,100,59,14
2021-08-18 22:00:00,,0,0,0,38,106,61,14
2021-08-18 23:00:00,,0,0,0,23,111,62,14
2021-08-19 00:00:00,,0,0,0,7,113,63,14
2021-08-19 01:00:00,,0,0,0,-8,113,60,12
2021-08-19 02:00:00,,0,0,0,-24,111,57,12
2021-08-19 03:00:00,,0,0,0,-39,106,53,11
2021-08-19 04:00:00,,0,0,0,-52,100,52,11
2021-08-19 05:00:00,,0,0,0,-65,92,53,12
2021-08-19 06:00:00,,25,6,24,-76,84,54,12
2021-08-19 07:00:00,,92,20,87,-88,75,50,12
2021-08-19 08:00:00,,187,40,171,-100,66,44,14
2021-08-19 09:00:00,,278,53,249,-114,57,42,17
2021-08-19 10:00:00,,343,53,308,-130,49,43,18
2021-08-19 11:00:00,,370,42,338,-148,43,46,19
2021-08-19 12:00:00,,365,32,341,-169,40,49,20
2021-08-19 13:00:00,,366,33,341,168,40,49,20
2021-08-19 14:00:00,,356,40,327,147,44,47,20
2021-08-19 15:00:00,,314,42,287,128,50,47,20
2021-08-19 16:00:00,,242,37,223,113,58,48,19
2021-08-19 17:00:00,,156,23,147,100,66,52,18
2021-08-19 18:00:00,,73,12,69,88,75,58,17
2021-08-19 19:00:00,,17,6,16,76,84,63,16
2021-08-19 20:00:00,,0,0,0,64,93,64,16
2021-08-19 21:00:00,,0,0,0,51,100,66,16
2021-08-19 22:00:00,,0,0,0,38,107,68,14
2021-08-19 23:00:00,,0,0,0,23,111,69,14
2021-08-20 00:00:00,,0,0,0,7,114,71,14
2021-08-20 01:00:00,,0,0,0,-9,114,67,14
2021-08-20 02:00:00,,0,0,0,-24,111,61,14
2021-08-20 03:00:00,,0,0,0,-39,106,53,12
2021-08-20 04:00:00,,0,0,0,-52,100,50,12
2021-08-20 05:00:00,,0,0,0,-65,92,48,12
2021-08-20 06:00:00,,29,9,27,-77,84,46,12
2021-08-20 07:00:00,,106,33,97,-88,75,42,12
2021-08-20 08:00:00,,209,64,182,-101,66,37,14
2021-08-20 09:00:00,,311,91,261,-114,57,35,17
2021-08-20 10:00:00,,397,117,322,-130,50,33,18
2021-08-20 11:00:00,,460,131,366,-148,44,32,19
2021-08-20 12:00:00,,491,139,386,-170,41,32,20
2021-08-20 13:00:00,,479,126,384,168,41,33,20
2021-08-23 10:00:00,,511,517,187,-131,50,14,19
2021-08-23 11:00:00,,572,427,272,-149,45,16,20
2021-08-23 12:00:00,,573,308,343,-170,41,22,20
2021-08-23 13:00:00,,575,309,345,168,42,22,21
2021-08-23 14:00:00,,594,446,276,147,45,14,21
2021-08-23 15:00:00,,581,691,146,129,51,3,21
2021-08-23 16:00:00,,466,677,117,114,59,2,21
2021-08-23 17:00:00,,312,549,106,100,68,5,21
2021-08-23 18:00:00,,156,319,84,88,77,11,19
2021-08-23 19:00:00,,32,27,28,76,85,20,16
2021-08-23 20:00:00,,0,0,0,64,94,21,14
2021-08-23 21:00:00,,0,0,0,52,102,22,14
2021-08-23 22:00:00,,0,0,0,38,108,26,14
2021-08-23 23:00:00,,0,0,0,23,113,27,12
2021-08-24 00:00:00,,0,0,0,7,115,21,12
2021-08-24 01:00:00,,0,0,0,-9,115,24,12
2021-08-24 02:00:00,,0,0,0,-25,112,33,12
2021-08-24 03:00:00,,0,0,0,-40,108,43,12
2021-08-24 04:00:00,,0,0,0,-53,101,44,12
2021-08-24 05:00:00,,0,0,0,-66,93,41,11
2021-08-24 06:00:00,,29,12,27,-78,85,40,12
2021-08-24 07:00:00,,110,46,99,-90,76,39,14
2021-08-24 08:00:00,,208,71,180,-102,67,37,14
2021-08-24 09:00:00,,307,93,257,-115,58,35,17
2021-08-24 10:00:00,,413,152,317,-131,51,30,19
2021-08-24 11:00:00,,476,166,359,-149,45,29,20
2021-08-24 12:00:00,,490,147,380,-170,42,31,21
2021-08-24 13:00:00,,484,143,378,168,42,32,21
2021-08-24 14:00:00,,450,140,351,147,45,32,21
2021-08-24 15:00:00,,379,128,299,129,52,33,21
2021-08-24 16:00:00,,297,107,242,114,59,34,21
2021-08-24 17:00:00,,197,83,166,101,68,36,21
2021-08-24 18:00:00,,100,54,88,88,77,37,19
2021-08-24 19:00:00,,20,9,19,77,86,42,17
2021-08-24 20:00:00,,0,0,0,65,94,40,14
2021-08-24 21:00:00,,0,0,0,52,102,37,14
2021-08-24 22:00:00,,0,0,0,38,108,34,12
2021-08-24 23:00:00,,0,0,0,23,113,32,12
2021-08-25 00:00:00,,0,0,0,7,115,33,12
2021-08-25 01:00:00,,0,0,0,-9,115,20,12
2021-08-25 02:00:00,,0,0,0,-25,113,9,11
2021-08-25 03:00:00,,0,0,0,-40,108,3,11
2021-08-25 04:00:00,,0,0,0,-53,101,1,11
2021-08-25 05:00:00,,0,0,0,-66,93,1,11
2021-08-25 06:00:00,,46,73,34,-78,85,1,11
2021-08-25 07:00:00,,178,376,87,-90,76,2,12
2021-08-25 08:00:00,,322,512,122,-102,67,3,14
2021-08-25 09:00:00,,458,615,141,-116,59,3,17
2021-08-25 10:00:00,,532,494,220,-131,51,9,18
2021-08-25 11:00:00,,555,355,303,-149,45,17,20
2021-08-25 12:00:00,,537,240,358,-170,42,24,21
2021-08-25 13:00:00,,524,221,359,168,42,24,22
2021-08-25 14:00:00,,486,223,331,147,46,24,23
2021-08-25 15:00:00,,415,208,287,129,52,24,23
2021-08-25 16:00:00,,317,177,229,114,60,25,23
2021-08-25 17:00:00,,203,112,161,101,68,26,23
2021-08-25 18:00:00,,93,54,81,88,77,30,21
2021-08-25 19:00:00,,17,6,16,77,86,34,18
2021-08-25 20:00:00,,0,0,0,65,95,38,14
2021-08-25 21:00:00,,0,0,0,52,102,40,14
2021-08-25 22:00:00,,0,0,0,38,109,42,14
2021-08-25 23:00:00,,0,0,0,23,113,50,14
2021-08-26 00:00:00,,0,0,0,7,116,52,14
2021-08-26 01:00:00,,0,0,0,-9,116,50,12
2021-08-26 02:00:00,,0,0,0,-25,113,51,12
2021-08-26 03:00:00,,0,0,0,-40,108,53,12
2021-08-26 04:00:00,,0,0,0,-54,102,54,12
2021-08-26 05:00:00,,0,0,0,-66,94,54,12
2021-08-26 06:00:00,,15,2,14,-78,85,56,12
2021-08-26 07:00:00,,66,10,63,-90,76,55,14
2021-08-26 08:00:00,,146,20,138,-102,67,49,16
2021-08-26 09:00:00,,234,36,215,-116,59,45,17
2021-08-26 10:00:00,,343,73,297,-131,51,37,18
2021-08-26 11:00:00,,459,170,341,-150,46,27,20
2021-08-26 12:00:00,,539,266,341,-170,42,19,21
2021-08-26 13:00:00,,551,315,320,168,43,17,21
2021-08-26 14:00:00,,513,306,300,147,46,16,21
2021-08-26 15:00:00,,445,299,261,129,52,15,21
2021-08-26 16:00:00,,343,263,211,114,60,16,21
2021-08-26 17:00:00,,224,179,157,101,68,17,20
2021-08-26 18:00:00,,106,92,85,89,77,18,19
2021-08-26 19:00:00,,18,9,17,77,86,23,18
2021-08-26 20:00:00,,0,0,0,65,95,20,16
2021-08-26 21:00:00,,0,0,0,52,103,17,14
2021-08-26 22:00:00,,0,0,0,38,109,17,12
2021-08-26 23:00:00,,0,0,0,23,114,18,12
2021-08-27 00:00:00,,0,0,0,7,116,18,12
2021-08-27 01:00:00,,0,0,0,-9,116,18,11
2021-08-27 02:00:00,,0,0,0,-25,113,18,11
2021-08-27 03:00:00,,0,0,0,-40,108,17,11
2021-08-27 04:00:00,,0,0,0,-54,102,18,11
2021-08-27 05:00:00,,0,0,0,-66,94,18,11
2021-08-27 06:00:00,,29,18,27,-78,85,19,11
2021-08-27 07:00:00,,129,110,102,-90,76,19,12
2021-08-27 08:00:00,,254,201,175,-103,67,18,14
2021-08-27 09:00:00,,375,285,227,-116,59,17,16
2021-08-27 10:00:00,,254,18,242,-132,52,57,14
2021-08-27 11:00:00,,291,18,278,-150,46,57,14
2021-08-27 12:00:00,,397,54,357,-171,43,45,16
2021-08-27 13:00:00,,491,159,374,168,43,31,17
2021-08-27 14:00:00,,463,173,344,147,47,30,18
2021-08-27 15:00:00,,399,166,299,130,53,31,18
2021-08-27 16:00:00,,308,135,241,114,60,32,18
2021-08-27 17:00:00,,200,98,164,101,69,35,18
2021-08-27 18:00:00,,94,56,82,89,78,39,17
2021-08-27 19:00:00,,15,6,14,77,87,44,14
2021-08-27 20:00:00,,0,0,0,65,95,47,12
2021-08-27 21:00:00,,0,0,0,52,103,53,12
2021-08-27 22:00:00,,0,0,0,38,109,51,11
2021-08-27 23:00:00,,0,0,0,23,114,42,10
2021-08-28 00:00:00,,0,0,0,7,116,34,10
2021-08-28 01:00:00,,0,0,0,-9,116,26,9
2021-08-28 02:00:00,,0,0,0,-25,114,15,9
2021-08-28 03:00:00,,0,0,0,-40,109,4,9
2021-08-28 04:00:00,,0,0,0,-54,102,0,9
2021-08-28 05:00:00,,0,0,0,-67,94,0,8
2021-08-28 06:00:00,,42,88,27,-79,86,0,9
2021-08-28 07:00:00,,179,479,71,-91,77,0,11
2021-08-28 08:00:00,,333,638,94,-103,68,0,14
2021-08-28 09:00:00,,476,699,117,-117,59,0,14
2021-08-28 10:00:00,,584,725,137,-132,52,1,17
2021-08-28 11:00:00,,651,689,172,-150,46,4,18
2021-08-28 12:00:00,,678,661,194,-171,43,5,19
2021-08-28 13:00:00,,645,559,235,168,43,9,20
2021-08-28 14:00:00,,558,424,269,147,47,15,20
2021-08-28 15:00:00,,440,274,275,130,53,23,21
2021-08-28 16:00:00,,334,233,221,114,61,25,20
2021-08-28 17:00:00,,217,158,161,101,69,27,20
2021-08-28 18:00:00,,101,83,83,89,78,31,18
2021-08-28 19:00:00,,14,6,13,77,87,39,14
2021-08-28 20:00:00,,0,0,0,65,96,45,12
2021-08-28 21:00:00,,0,0,0,52,103,49,12
2021-08-28 22:00:00,,0,0,0,38,110,50,12
2021-08-28 23:00:00,,0,0,0,23,114,50,11
2021-08-29 00:00:00,,0,0,0,7,117,44,11
2021-08-29 01:00:00,,0,0,0,-10,117,39,11
2021-08-29 02:00:00,,0,0,0,-26,114,36,10
2021-08-29 03:00:00,,0,0,0,-41,109,34,10
2021-08-29 04:00:00,,0,0,0,-54,102,36,10
2021-08-29 05:00:00,,0,0,0,-67,94,38,9
2021-08-29 06:00:00,,20,7,19,-79,86,41,10
2021-08-29 07:00:00,,99,45,89,-91,77,38,12
2021-08-29 08:00:00,,208,91,174,-103,68,33,14
2021-08-29 09:00:00,,317,140,247,-117,60,30,16
2021-08-29 10:00:00,,431,213,300,-132,52,25,17
2021-08-29 11:00:00,,529,309,314,-150,46,20,18
2021-08-29 12:00:00,,600,430,286,-171,43,15,19
2021-08-29 13:00:00,,623,530,242,168,44,11,20
2021-08-29 14:00:00,,599,574,208,147,47,8,20
2021-08-29 15:00:00,,535,622,160,130,53,4,20
2021-08-29 16:00:00,,406,531,148,115,61,7,20
2021-08-29 17:00:00,,259,344,135,101,69,10,19
2021-08-29 18:00:00,,119,171,83,89,78,14,17
2021-08-29 19:00:00,,17,12,15,77,87,15,14
2021-08-29 20:00:00,,0,0,0,65,96,17,12
2021-08-29 21:00:00,,0,0,0,52,104,18,11
2021-08-29 22:00:00,,0,0,0,38,110,19,10
2021-08-29 23:00:00,,0,0,0,23,115,20,9
2021-08-30 00:00:00,,0,0,0,7,117,21,9
2021-08-30 01:00:00,,0,0,0,-10,117,26,8
2021-08-30 02:00:00,,0,0,0,-26,114,31,8
2021-08-30 03:00:00,,0,0,0,-41,109,37,8
2021-08-30 04:00:00,,0,0,0,-55,103,40,8
2021-08-30 05:00:00,,0,0,0,-67,95,41,8
2021-08-30 06:00:00,,17,6,16,-79,86,43,8
2021-08-30 07:00:00,,93,35,85,-91,77,40,11
2021-08-30 08:00:00,,199,77,170,-104,68,34,12
2021-08-30 09:00:00,,311,130,245,-117,60,31,14
2021-08-30 10:00:00,,390,133,308,-133,52,31,17
2021-08-30 11:00:00,,442,139,347,-151,47,32,18
2021-08-30 12:00:00,,464,133,368,-171,44,33,19
2021-08-30 13:00:00,,470,146,364,168,44,31,20
2021-08-30 14:00:00,,451,178,331,147,48,29,20
2021-08-30 15:00:00,,390,180,284,130,54,28,20
2021-08-30 16:00:00,,297,145,227,115,61,29,20
2021-08-30 17:00:00,,180,89,150,102,70,33,19
2021-08-30 18:00:00,,76,42,68,89,79,39,17
2021-08-30 19:00:00,,9,6,8,77,88,38,14
2021-08-30 20:00:00,,0,0,0,65,96,50,12
2021-08-30 21:00:00,,0,0,0,52,104,42,11
2021-08-30 22:00:00,,0,0,0,39,110,48,10
2021-08-30 23:00:00,,0,0,0,23,115,49,9
2021-08-31 00:00:00,,0,0,0,7,117,47,8
2021-08-31 01:00:00,,0,0,0,-10,117,44,8
2021-08-31 02:00:00,,0,0,0,-26,115,42,7
2021-08-31 03:00:00,,0,0,0,-41,110,40,7
2021-08-31 04:00:00,,0,0,0,-55,103,40,7
2021-08-31 05:00:00,,0,0,0,-68,95,41,7
2021-08-31 06:00:00,,15,6,14,-80,86,42,8
2021-08-31 07:00:00,,83,26,77,-91,77,42,10
2021-08-31 08:00:00,,186,59,163,-104,68,37,12
2021-08-31 09:00:00,,175,14,169,-117,60,59,14
2021-08-31 10:00:00,,245,19,233,-133,53,56,14
2021-08-31 11:00:00,,291,20,277,-151,47,55,17
2021-08-31 12:00:00,,393,56,352,-171,44,44,18
2021-08-31 13:00:00,,446,111,367,168,44,36,19
2021-08-31 14:00:00,,426,130,339,148,48,34,19
2021-08-31 15:00:00,,380,152,291,130,54,31,19
2021-08-31 16:00:00,,296,150,225,115,62,31,19
2021-08-31 17:00:00,,190,106,153,102,70,32,18
2021-08-31 18:00:00,,84,60,73,89,79,34,17
2021-08-31 19:00:00,,9,6,8,78,88,36,14
2021-08-31 20:00:00,,0,0,0,65,97,38,12
2021-08-31 21:00:00,,0,0,0,53,104,41,11
2021-08-31 22:00:00,,0,0,0,39,111,40,10
2021-08-31 23:00:00,,0,0,0,23,115,48,10
2021-09-01 00:00:00,,0,0,0,7,118,49,9
2021-09-01 01:00:00,,0,0,0,-10,118,47,9
2021-09-01 02:00:00,,0,0,0,-26,115,50,9
2021-09-01 03:00:00,,0,0,0,-41,110,55,9
2021-09-01 04:00:00,,0,0,0,-55,103,55,8
2021-09-01 05:00:00,,0,0,0,-68,95,56,9
2021-09-01 06:00:00,,10,0,10,-80,87,60,11
2021-09-01 07:00:00,,54,7,53,-92,78,62,12
2021-09-01 08:00:00,,128,14,123,-104,69,57,14
2021-09-01 09:00:00,,223,28,209,-118,60,50,14
2021-09-01 10:00:00,,318,53,286,-133,53,44,16
2021-09-01 11:00:00,,408,90,346,-151,47,38,18
2021-09-01 12:00:00,,452,120,367,-171,45,35,19
2021-09-01 13:00:00,,462,137,365,167,45,34,20
2021-09-01 14:00:00,,445,160,338,148,48,31,21
2021-09-01 15:00:00,,390,171,289,130,54,30,21
2021-09-01 16:00:00,,309,183,223,115,62,28,20
2021-09-01 17:00:00,,203,144,154,102,70,27,19
2021-09-01 18:00:00,,94,92,77,90,79,26,17
2021-09-01 19:00:00,,8,6,7,78,88,27,14
2021-09-01 20:00:00,,0,0,0,66,97,29,12
2021-09-01 21:00:00,,0,0,0,53,105,30,11
2021-09-01 22:00:00,,0,0,0,39,111,32,10
2021-09-01 23:00:00,,0,0,0,23,116,34,10
2021-09-02 00:00:00,,0,0,0,7,118,38,9
2021-09-02 01:00:00,,0,0,0,-10,118,43,9
2021-09-02 02:00:00,,0,0,0,-26,115,47,9
2021-09-02 03:00:00,,0,0,0,-42,110,52,9
2021-09-02 04:00:00,,0,0,0,-55,103,56,10
2021-09-02 05:00:00,,0,0,0,-68,95,58,10
2021-09-02 06:00:00,,9,0,9,-80,87,60,11
2021-09-02 07:00:00,,61,11,58,-92,78,56,12
2021-09-02 08:00:00,,149,27,140,-104,69,49,12
2021-09-02 09:00:00,,259,63,229,-118,61,41,14
2021-09-02 10:00:00,,354,89,300,-133,53,37,16
2021-09-02 11:00:00,,420,114,344,-151,48,36,18
2021-09-02 12:00:00,,453,122,367,-172,45,35,19
2021-09-02 13:00:00,,462,138,364,167,45,33,20
2021-09-02 14:00:00,,441,165,332,148,49,31,20
2021-09-02 15:00:00,,395,200,280,130,55,28,21
2021-09-02 16:00:00,,310,188,221,115,62,27,20
2021-09-02 17:00:00,,200,157,148,102,71,28,20
2021-09-02 18:00:00,,90,102,72,90,80,28,17
2021-09-02 19:00:00,,6,6,5,78,89,30,14
2021-09-02 20:00:00,,0,0,0,66,97,34,12
2021-09-02 21:00:00,,0,0,0,53,105,37,11
2021-09-02 22:00:00,,0,0,0,39,112,40,10
2021-09-02 23:00:00,,0,0,0,23,116,42,9
2021-09-03 00:00:00,,0,0,0,7,119,43,9
2021-09-03 01:00:00,,0,0,0,-10,118,44,9
2021-09-03 02:00:00,,0,0,0,-27,115,44,8
2021-09-03 03:00:00,,0,0,0,-42,110,44,8
2021-09-03 04:00:00,,0,0,0,-56,104,44,8
2021-09-03 05:00:00,,0,0,0,-68,96,45,7
2021-09-03 06:00:00,,11,4,11,-80,87,45,8
2021-09-03 07:00:00,,79,29,73,-92,78,42,10
2021-09-03 08:00:00,,181,64,158,-105,69,36,12
2021-09-03 09:00:00,,291,113,236,-118,61,32,14
2021-09-03 10:00:00,,381,140,298,-134,54,32,17
2021-09-03 11:00:00,,441,147,342,-152,48,31,19
2021-09-03 12:00:00,,467,145,364,-172,45,32,20
2021-09-03 13:00:00,,470,164,356,167,46,31,21
2021-09-03 14:00:00,,435,158,331,148,49,31,21
2021-09-03 15:00:00,,376,162,283,130,55,31,21
2021-09-03 16:00:00,,275,125,219,115,63,34,21
2021-09-03 17:00:00,,161,65,140,102,71,39,21
2021-09-03 18:00:00,,62,27,58,90,80,45,18
2021-09-03 19:00:00,,3,0,3,78,89,49,14
2021-09-03 20:00:00,,0,0,0,66,98,51,14
2021-09-03 21:00:00,,0,0,0,53,105,53,12
2021-09-03 22:00:00,,0,0,0,39,112,52,11
2021-09-03 23:00:00,,0,0,0,23,117,51,11
2021-09-04 00:00:00,,0,0,0,7,119,50,10
2021-09-04 01:00:00,,0,0,0,-10,119,51,10
2021-09-04 02:00:00,,0,0,0,-27,116,53,10
2021-09-04 03:00:00,,0,0,0,-42,111,55,10
2021-09-04 04:00:00,,0,0,0,-56,104,55,10
2021-09-04 05:00:00,,0,0,0,-69,96,54,10
2021-09-04 06:00:00,,9,0,9,-81,87,54,10
2021-09-04 07:00:00,,64,13,61,-93,78,53,12
2021-09-04 08:00:00,,150,29,139,-105,69,47,14
2021-09-04 09:00:00,,239,45,217,-119,61,44,16
2021-09-04 10:00:00,,321,64,283,-134,54,41,18
2021-09-04 11:00:00,,388,82,333,-152,48,38,19
2021-09-04 12:00:00,,423,100,354,-172,46,37,21
2021-09-04 13:00:00,,417,96,350,167,46,37,21
2021-09-04 14:00:00,,382,89,323,148,49,37,21
2021-09-04 15:00:00,,315,76,271,130,55,39,21
2021-09-04 16:00:00,,226,56,200,116,63,42,20
2021-09-04 17:00:00,,128,29,119,102,71,47,20
2021-09-04 18:00:00,,46,14,44,90,80,53,19
2021-09-04 19:00:00,,1,0,1,78,89,55,18
2021-09-04 20:00:00,,0,0,0,66,98,58,16
2021-09-04 21:00:00,,0,0,0,53,106,59,14
2021-09-04 22:00:00,,0,0,0,39,112,60,14
2021-09-04 23:00:00,,0,0,0,23,117,61,14
2021-09-05 00:00:00,,0,0,0,7,119,63,14
2021-09-05 01:00:00,,0,0,0,-10,119,65,14
2021-09-05 02:00:00,,0,0,0,-27,116,68,14
2021-09-05 03:00:00,,0,0,0,-42,111,72,14
2021-09-05 04:00:00,,0,0,0,-56,104,75,12
2021-09-05 05:00:00,,0,0,0,-69,96,77,12
2021-09-05 06:00:00,,3,0,3,-81,88,79,12
2021-09-05 07:00:00,,27,0,27,-93,79,78,14
2021-09-05 08:00:00,,69,3,68,-105,70,74,14
2021-09-05 09:00:00,,118,4,116,-119,61,71,14
2021-09-05 10:00:00,,167,5,164,-134,54,68,14
2021-09-05 11:00:00,,207,7,202,-152,49,66,14
2021-09-05 12:00:00,,232,8,226,-172,46,64,14
2021-09-05 13:00:00,,238,9,232,167,46,63,14
2021-09-05 14:00:00,,224,9,218,148,50,62,14
2021-09-05 15:00:00,,191,11,185,131,56,62,14
2021-09-05 16:00:00,,141,9,137,116,63,63,14
2021-09-05 17:00:00,,77,6,75,102,72,67,12
2021-09-05 18:00:00,,27,6,26,90,81,71,12
2021-09-05 19:00:00,,0,0,0,78,90,68,12
2021-09-05 20:00:00,,0,0,0,66,98,65,12
2021-09-05 21:00:00,,0,0,0,53,106,61,12
2021-09-05 22:00:00,,0,0,0,39,113,59,12
2021-09-05 23:00:00,,0,0,0,23,117,58,12
2021-09-06 00:00:00,,0,0,0,7,120,57,12
2021-09-06 01:00:00,,0,0,0,-11,119,57,12
2021-09-06 02:00:00,,0,0,0,-27,116,58,12
2021-09-06 03:00:00,,0,0,0,-42,111,59,12
2021-09-06 04:00:00,,0,0,0,-56,104,60,12
2021-09-06 05:00:00,,0,0,0,-69,96,59,12
2021-09-06 06:00:00,,5,0,5,-81,88,60,12
2021-09-06 07:00:00,,50,7,49,-93,79,59,12
2021-09-06 08:00:00,,120,15,114,-106,70,55,12
2021-09-06 09:00:00,,194,22,183,-119,62,52,12
2021-09-06 10:00:00,,260,27,244,-135,54,50,12
2021-09-06 11:00:00,,312,34,289,-152,49,49,12
2021-09-06 12:00:00,,343,40,316,-172,46,47,12
2021-09-06 13:00:00,,353,49,319,167,47,45,14
2021-09-06 14:00:00,,334,54,299,148,50,43,14
2021-09-06 15:00:00,,293,62,258,131,56,41,14
2021-09-06 16:00:00,,223,62,195,116,64,40,14
2021-09-06 17:00:00,,132,41,119,103,72,43,14
2021-09-06 18:00:00,,50,21,46,90,81,44,14
2021-09-06 19:00:00,,0,0,0,78,90,48,14
2021-09-06 20:00:00,,0,0,0,66,99,54,12
2021-09-06 21:00:00,,0,0,0,53,107,59,12
2021-09-06 22:00:00,,0,0,0,39,113,62,12
2021-09-06 23:00:00,,0,0,0,23,118,65,12
2021-09-07 00:00:00,,0,0,0,7,120,68,12
2021-09-07 01:00:00,,0,0,0,-11,120,65,11
2021-09-07 02:00:00,,0,0,0,-27,117,61,11
2021-09-07 03:00:00,,0,0,0,-43,112,56,11
2021-09-07 04:00:00,,0,0,0,-57,105,54,11
2021-09-07 05:00:00,,0,0,0,-69,97,52,11
2021-09-07 06:00:00,,6,0,6,-82,88,50,11
2021-09-07 07:00:00,,61,17,58,-94,79,48,12
2021-09-07 08:00:00,,148,35,135,-106,70,43,14
2021-09-07 11:00:00,,602,689,154,-153,49,1,25
2021-09-07 12:00:00,,645,726,150,-172,47,0,25
2021-09-07 13:00:00,,643,724,150,167,47,0,27
2021-09-07 14:00:00,,592,729,133,148,51,0,27
2021-09-07 15:00:00,,500,653,135,131,56,0,27
2021-09-07 16:00:00,,374,594,114,116,64,0,27
2021-09-07 17:00:00,,227,469,90,103,73,2,25
2021-09-07 18:00:00,,88,176,58,91,81,2,24
2021-09-07 19:00:00,,0,0,0,79,90,2,21
2021-09-07 20:00:00,,0,0,0,66,99,2,20
2021-09-07 21:00:00,,0,0,0,53,107,2,19
2021-09-07 22:00:00,,0,0,0,39,113,2,19
2021-09-07 23:00:00,,0,0,0,23,118,2,18
2021-09-08 00:00:00,,0,0,0,6,120,2,17
2021-09-08 01:00:00,,0,0,0,-11,120,2,17
2021-09-08 02:00:00,,0,0,0,-28,117,2,16
2021-09-08 03:00:00,,0,0,0,-43,112,2,16
2021-09-08 04:00:00,,0,0,0,-57,105,2,16
2021-09-08 05:00:00,,0,0,0,-70,97,2,16
2021-09-08 06:00:00,,12,18,9,-82,88,2,16
2021-09-08 07:00:00,,123,258,74,-94,79,1,17
2021-09-08 08:00:00,,274,479,109,-106,70,0,20
2021-09-08 09:00:00,,415,620,124,-120,62,0,22
2021-09-08 10:00:00,,532,696,133,-135,55,0,23
2021-09-08 11:00:00,,614,744,136,-153,50,0,25
2021-09-08 12:00:00,,652,744,144,-173,47,0,25
2021-09-08 13:00:00,,643,724,149,167,47,0,27
2021-09-08 14:00:00,,583,698,144,148,51,1,27
2021-09-08 15:00:00,,472,589,151,131,57,4,27
2021-09-08 16:00:00,,330,382,162,116,64,9,27
2021-09-08 17:00:00,,186,220,121,103,73,15,25
2021-09-08 18:00:00,,63,69,51,91,82,20,23
2021-09-08 19:00:00,,0,0,0,79,91,29,22
2021-09-08 20:00:00,,0,0,0,67,99,31,22
2021-09-08 21:00:00,,0,0,0,53,107,31,20
2021-09-08 22:00:00,,0,0,0,39,114,31,19
2021-09-08 23:00:00,,0,0,0,23,118,31,19
2021-09-09 00:00:00,,0,0,0,6,121,32,18
2021-09-09 01:00:00,,0,0,0,-11,120,44,17
2021-09-09 02:00:00,,0,0,0,-28,117,59,17
2021-09-09 03:00:00,,0,0,0,-43,112,71,17
2021-09-09 04:00:00,,0,0,0,-57,105,72,16
2021-09-09 05:00:00,,0,0,0,-70,97,73,17
2021-09-09 06:00:00,,2,0,2,-82,89,75,17
2021-09-09 07:00:00,,29,3,29,-94,80,72,17
2021-09-09 08:00:00,,79,5,77,-107,71,68,18
2021-09-09 09:00:00,,135,6,131,-120,62,65,18
2021-09-09 10:00:00,,303,72,263,-135,55,39,19
2021-09-09 11:00:00,,403,137,316,-153,50,31,21
2021-09-09 12:00:00,,313,33,290,-173,47,50,21
2021-09-09 13:00:00,,264,16,253,167,48,58,21
2021-09-09 14:00:00,,334,63,294,148,51,41,20
2021-09-09 15:00:00,,286,69,248,131,57,39,19
2021-09-09 16:00:00,,207,57,182,116,65,41,19
2021-09-09 17:00:00,,113,29,104,103,73,46,19
2021-09-09 18:00:00,,38,13,35,91,82,51,18
2021-09-09 19:00:00,,0,0,0,79,91,53,17
2021-09-09 20:00:00,,0,0,0,67,100,56,17
2021-09-09 21:00:00,,0,0,0,54,108,58,16
2021-09-09 22:00:00,,0,0,0,39,114,58,16
2021-09-09 23:00:00,,0,0,0,23,119,59,16
2021-09-10 00:00:00,,0,0,0,6,121,61,16
2021-09-10 01:00:00,,0,0,0,-11,121,62,16
2021-09-10 02:00:00,,0,0,0,-28,118,61,16
2021-09-10 03:00:00,,0,0,0,-43,113,60,16
2021-09-10 04:00:00,,0,0,0,-57,106,60,16
2021-09-10 05:00:00,,0,0,0,-70,98,60,16
2021-09-10 06:00:00,,3,0,3,-82,89,61,14
2021-09-10 07:00:00,,40,6,39,-94,80,61,16
2021-09-10 08:00:00,,103,12,99,-107,71,58,17
2021-09-10 09:00:00,,175,18,166,-120,63,54,17
2021-09-10 10:00:00,,238,22,225,-136,56,53,18
2021-09-10 11:00:00,,290,28,272,-153,50,51,19
2021-09-10 12:00:00,,322,35,299,-173,48,49,19
2021-09-10 13:00:00,,342,47,310,167,48,45,19
2021-09-10 14:00:00,,354,85,301,148,52,38,19
2021-09-10 15:00:00,,322,123,257,131,58,33,19
2021-09-10 16:00:00,,238,101,195,116,65,34,19
2021-09-10 17:00:00,,134,64,116,103,74,38,18
2021-09-10 18:00:00,,43,22,40,91,83,43,17
2021-09-10 19:00:00,,0,0,0,79,92,47,14
2021-09-10 20:00:00,,0,0,0,67,100,52,14
2021-09-10 21:00:00,,0,0,0,54,108,56,14
2021-09-10 22:00:00,,0,0,0,39,115,59,14
2021-09-10 23:00:00,,0,0,0,23,119,61,14
2021-09-11 00:00:00,,0,0,0,6,122,64,14
2021-09-11 01:00:00,,0,0,0,-11,121,61,14
2021-09-11 02:00:00,,0,0,0,-28,118,59,14
2021-09-11 03:00:00,,0,0,0,-44,113,56,14
2021-09-11 04:00:00,,0,0,0,-58,106,55,14
2021-09-11 05:00:00,,0,0,0,-71,98,54,14
2021-09-11 06:00:00,,3,0,3,-83,89,52,12
2021-09-11 07:00:00,,54,14,51,-95,80,52,14
2021-09-11 08:00:00,,132,27,123,-107,71,48,14
2021-09-11 09:00:00,,213,41,194,-121,63,45,16
2021-09-11 10:00:00,,281,45,255,-136,56,45,17
2021-09-11 11:00:00,,315,41,289,-154,51,47,18
2021-09-11 12:00:00,,317,31,296,-173,48,50,18
2021-09-11 13:00:00,,323,37,299,167,49,49,18
2021-09-11 14:00:00,,337,64,297,148,52,42,18
2021-09-11 15:00:00,,304,89,256,131,58,38,17
2021-09-11 16:00:00,,228,81,194,117,65,38,17
2021-09-11 17:00:00,,129,54,114,103,74,41,14
2021-09-11 18:00:00,,43,22,40,91,83,44,14
2021-09-11 19:00:00,,0,0,0,79,92,50,12
2021-09-11 20:00:00,,0,0,0,67,101,59,12
2021-09-11 21:00:00,,0,0,0,54,108,66,11
2021-09-11 22:00:00,,0,0,0,39,115,68,10
2021-09-11 23:00:00,,0,0,0,23,120,67,10
2021-09-12 00:00:00,,0,0,0,6,122,69,10
2021-09-12 01:00:00,,0,0,0,-12,122,67,10
2021-09-12 02:00:00,,0,0,0,-28,118,65,11
2021-09-12 03:00:00,,0,0,0,-44,113,62,11
2021-09-12 04:00:00,,0,0,0,-58,106,61,11
2021-09-12 05:00:00,,0,0,0,-71,98,61,10
2021-09-12 06:00:00,,1,0,1,-83,89,62,10
2021-09-12 07:00:00,,43,7,41,-95,80,60,11
2021-09-12 08:00:00,,113,15,108,-107,71,54,12
2021-09-12 09:00:00,,192,25,181,-121,63,50,12
2021-09-12 10:00:00,,259,34,240,-136,56,48,14
2021-09-12 11:00:00,,302,38,278,-154,51,47,14
2021-09-12 12:00:00,,319,37,294,-173,49,47,16
2021-09-12 13:00:00,,318,39,292,167,49,47,16
2021-09-12 14:00:00,,308,50,277,148,52,43,16
2021-09-12 15:00:00,,256,48,231,131,58,43,14
2021-09-12 16:00:00,,170,33,157,117,66,47,14
2021-09-12 17:00:00,,83,15,79,104,74,53,12
2021-09-12 18:00:00,,21,6,20,91,83,59,12
2021-09-12 19:00:00,,0,0,0,79,92,63,11
2021-09-12 20:00:00,,0,0,0,67,101,66,10
2021-09-12 21:00:00,,0,0,0,54,109,71,11
2021-09-12 22:00:00,,0,0,0,39,115,72,11
2021-09-12 23:00:00,,0,0,0,23,120,72,10
2021-09-13 00:00:00,,0,0,0,6,122,71,10
2021-09-13 01:00:00,,0,0,0,-12,122,69,10
2021-09-13 02:00:00,,0,0,0,-29,119,65,10
2021-09-13 03:00:00,,0,0,0,-44,113,61,10
2021-09-13 04:00:00,,0,0,0,-58,106,60,10
2021-09-13 05:00:00,,0,0,0,-71,98,60,10
2021-09-13 06:00:00,,1,0,1,-83,90,60,10
2021-09-13 07:00:00,,43,7,42,-95,81,58,11
2021-09-13 08:00:00,,120,22,113,-108,72,51,12
2021-09-13 09:00:00,,207,38,190,-121,64,46,12
2021-09-13 10:00:00,,272,43,249,-137,57,46,12
2021-09-13 11:00:00,,314,41,288,-154,51,46,12
2021-09-13 12:00:00,,326,40,300,-173,49,47,12
2021-09-13 13:00:00,,320,39,295,167,49,48,12
2021-09-13 14:00:00,,291,38,268,148,53,48,12
2021-09-13 15:00:00,,233,32,216,131,59,50,12
2021-09-13 16:00:00,,163,23,153,117,66,52,12
2021-09-13 17:00:00,,84,14,80,104,75,57,12
2021-09-13 18:00:00,,23,6,22,91,84,60,12
2021-09-13 19:00:00,,0,0,0,80,93,62,11
2021-09-13 20:00:00,,0,0,0,67,101,64,11
2021-09-13 21:00:00,,0,0,0,54,109,66,11
2021-09-13 22:00:00,,0,0,0,39,116,66,10
2021-09-13 23:00:00,,0,0,0,23,120,66,10
2021-09-14 00:00:00,,0,0,0,6,123,66,10
2021-09-14 01:00:00,,0,0,0,-12,122,66,10
2021-09-14 02:00:00,,0,0,0,-29,119,67,9
2021-09-14 03:00:00,,0,0,0,-45,114,68,9
2021-09-14 04:00:00,,0,0,0,-59,107,69,9
2021-09-14 05:00:00,,0,0,0,-71,99,70,9
2021-09-14 06:00:00,,0,0,0,-84,90,70,10
2021-09-14 07:00:00,,27,1,27,-96,81,72,11
2021-09-14 08:00:00,,73,3,72,-108,72,69,11
2021-09-14 09:00:00,,125,6,123,-122,64,67,12
2021-09-14 10:00:00,,187,12,180,-137,57,60,11
2021-09-14 11:00:00,,180,6,176,-154,52,68,11
2021-09-14 12:00:00,,176,5,173,-173,49,71,12
2021-09-14 13:00:00,,202,7,198,167,50,66,12
2021-09-14 14:00:00,,205,10,199,148,53,62,12
2021-09-14 15:00:00,,185,14,177,132,59,59,12
2021-09-14 16:00:00,,132,13,127,117,67,60,12
2021-09-14 17:00:00,,70,8,68,104,75,63,12
2021-09-14 18:00:00,,23,6,22,92,84,59,12
2021-09-14 19:00:00,,0,0,0,80,93,59,12
2021-09-14 20:00:00,,0,0,0,67,102,61,12
2021-09-14 21:00:00,,0,0,0,54,110,63,12
2021-09-14 22:00:00,,0,0,0,40,116,62,12
2021-09-14 23:00:00,,0,0,0,23,121,58,12
2021-09-15 00:00:00,,0,0,0,6,123,56,12
2021-09-15 01:00:00,,0,0,0,-12,123,49,11
2021-09-15 02:00:00,,0,0,0,-29,119,44,11
2021-09-15 03:00:00,,0,0,0,-45,114,40,11
2021-09-15 04:00:00,,0,0,0,-59,107,38,11
2021-09-15 05:00:00,,0,0,0,-72,99,37,11
2021-09-15 06:00:00,,0,0,0,-84,90,38,11
2021-09-15 07:00:00,,66,42,59,-96,81,36,12
2021-09-15 08:00:00,,157,72,135,-108,72,36,12
2021-09-15 09:00:00,,261,122,207,-122,64,32,12
2021-09-15 10:00:00,,258,47,232,-137,57,47,14
2021-09-15 11:00:00,,452,293,273,-155,52,20,16
2021-09-15 12:00:00,,478,295,289,-174,50,20,18
2021-09-15 13:00:00,,462,244,305,167,50,23,19
2021-09-15 14:00:00,,433,263,277,148,54,22,19
2021-09-15 15:00:00,,376,294,225,132,59,19,19
2021-09-15 16:00:00,,269,249,171,117,67,20,19
2021-09-15 17:00:00,,152,160,110,104,75,21,18
2021-09-15 18:00:00,,39,29,34,92,84,28,14
2021-09-15 19:00:00,,0,0,0,80,93,30,12
2021-09-15 20:00:00,,0,0,0,67,102,33,12
2021-09-15 21:00:00,,0,0,0,54,110,40,14
2021-09-15 22:00:00,,0,0,0,40,116,41,14
2021-09-15 23:00:00,,0,0,0,23,121,40,14
2021-09-16 00:00:00,,0,0,0,6,124,40,12
2021-09-16 01:00:00,,0,0,0,-12,123,36,11
2021-09-16 02:00:00,,0,0,0,-29,120,35,11
2021-09-16 03:00:00,,0,0,0,-45,114,36,10
2021-09-16 04:00:00,,0,0,0,-59,107,38,10
2021-09-16 05:00:00,,0,0,0,-72,99,38,10
2021-09-16 06:00:00,,0,0,0,-84,90,41,10
2021-09-16 07:00:00,,57,24,53,-96,81,43,12
2021-09-16 08:00:00,,148,51,132,-109,72,40,14
2021-09-16 09:00:00,,243,78,208,-122,64,37,14
2021-09-16 10:00:00,,319,92,269,-138,57,37,17
2021-09-16 11:00:00,,371,99,309,-155,52,36,18
2021-09-16 12:00:00,,400,111,328,-174,50,36,19
2021-09-16 13:00:00,,410,142,320,167,51,33,19
2021-09-16 14:00:00,,403,199,286,148,54,27,20
2021-09-16 15:00:00,,348,232,232,132,60,23,20
2021-09-16 16:00:00,,258,213,174,117,67,21,20
2021-09-16 17:00:00,,145,171,104,104,76,21,19
2021-09-16 18:00:00,,36,28,31,92,85,29,16
2021-09-16 19:00:00,,0,0,0,80,94,44,14
2021-09-16 20:00:00,,0,0,0,68,102,50,14
2021-09-16 21:00:00,,0,0,0,54,110,54,12
2021-09-16 22:00:00,,0,0,0,40,117,54,12
2021-09-16 23:00:00,,0,0,0,23,122,53,12
2021-09-17 00:00:00,,0,0,0,6,124,54,12
2021-09-17 01:00:00,,0,0,0,-12,123,44,12
2021-09-17 02:00:00,,0,0,0,-30,120,32,12
2021-09-17 03:00:00,,0,0,0,-45,115,21,12
2021-09-17 04:00:00,,0,0,0,-59,108,20,11
2021-09-17 05:00:00,,0,0,0,-72,99,18,11
2021-09-17 06:00:00,,0,0,0,-85,91,16,10
2021-09-17 07:00:00,,80,122,59,-97,82,17,12
2021-09-17 08:00:00,,209,299,122,-109,73,13,14
2021-09-17 09:00:00,,353,499,142,-123,65,7,16
2021-09-17 10:00:00,,433,436,202,-138,58,12,17
2021-09-17 11:00:00,,457,306,273,-155,53,19,18
2021-09-17 12:00:00,,429,167,321,-174,50,29,19
2021-09-17 13:00:00,,410,151,314,167,51,30,20
2021-09-17 14:00:00,,376,151,287,148,54,29,20
2021-09-17 15:00:00,,307,141,236,132,60,29,20
2021-09-17 16:00:00,,211,105,171,117,68,33,20
2021-09-17 17:00:00,,106,48,94,104,76,40,19
2021-09-17 18:00:00,,25,12,23,92,85,45,16
2021-09-17 19:00:00,,0,0,0,80,94,48,14
2021-09-17 20:00:00,,0,0,0,68,103,51,12
2021-09-17 21:00:00,,0,0,0,54,111,54,12
2021-09-17 22:00:00,,0,0,0,40,117,54,12
2021-09-17 23:00:00,,0,0,0,23,122,67,12
2021-09-18 00:00:00,,0,0,0,6,124,72,14
2021-09-18 01:00:00,,0,0,0,-13,124,70,14
2021-09-18 02:00:00,,0,0,0,-30,120,68,14
2021-09-18 03:00:00,,0,0,0,-46,115,68,12
2021-09-18 04:00:00,,0,0,0,-60,108,66,12
2021-09-18 05:00:00,,0,0,0,-73,100,66,12
2021-09-18 06:00:00,,0,0,0,-85,91,65,12
2021-09-18 07:00:00,,30,4,29,-97,82,67,12
2021-09-18 08:00:00,,91,9,88,-109,73,61,12
2021-09-18 09:00:00,,171,20,162,-123,65,54,14
2021-09-18 10:00:00,,240,29,224,-138,58,51,16
2021-09-18 11:00:00,,287,33,267,-155,53,49,17
2021-09-18 12:00:00,,312,39,288,-174,51,48,17
2021-09-18 13:00:00,,326,49,295,167,51,45,14
2021-09-18 14:00:00,,332,86,283,148,55,39,17
2021-09-18 15:00:00,,290,109,237,132,61,35,18
2021-09-18 16:00:00,,206,90,172,117,68,35,18
2021-09-18 17:00:00,,102,43,92,104,76,40,17
2021-09-18 18:00:00,,18,6,17,92,85,52,14
2021-09-18 19:00:00,,0,0,0,80,94,57,12
2021-09-18 20:00:00,,0,0,0,68,103,60,12
2021-09-18 21:00:00,,0,0,0,55,111,65,12
2021-09-18 22:00:00,,0,0,0,40,118,66,12
2021-09-18 23:00:00,,0,0,0,23,122,63,12
2021-09-19 00:00:00,,0,0,0,6,125,59,12
2021-09-19 01:00:00,,0,0,0,-13,124,54,11
2021-09-19 02:00:00,,0,0,0,-30,121,49,11
2021-09-19 03:00:00,,0,0,0,-46,115,43,11
2021-09-19 04:00:00,,0,0,0,-60,108,44,10
2021-09-19 05:00:00,,0,0,0,-73,100,45,10
2021-09-19 06:00:00,,0,0,0,-85,91,47,10
2021-09-19 07:00:00,,45,15,43,-97,82,47,11
2021-09-19 08:00:00,,127,34,117,-110,73,44,12
2021-09-19 09:00:00,,220,62,194,-123,65,40,14
2021-09-19 10:00:00,,298,77,256,-138,58,38,14
2021-09-19 11:00:00,,363,103,300,-156,53,35,16
2021-09-19 12:00:00,,398,127,318,-174,51,33,17
2021-09-19 13:00:00,,409,163,309,167,52,30,17
2021-09-19 14:00:00,,390,193,279,148,55,27,17
2021-09-19 15:00:00,,333,222,225,132,61,24,17
2021-09-19 16:00:00,,227,150,171,118,68,27,17
2021-09-19 17:00:00,,109,73,93,105,77,34,16
2021-09-19 18:00:00,,21,10,20,92,86,40,14
2021-09-19 19:00:00,,0,0,0,80,95,49,14
2021-09-19 20:00:00,,0,0,0,68,103,58,14
2021-09-19 21:00:00,,0,0,0,55,111,66,12
2021-09-19 22:00:00,,0,0,0,40,118,69,12
2021-09-19 23:00:00,,0,0,0,23,123,69,12
2021-09-20 00:00:00,,0,0,0,5,125,68,12
2021-09-20 01:00:00,,0,0,0,-13,124,67,11
2021-09-20 02:00:00,,0,0,0,-30,121,66,11
2021-09-20 03:00:00,,0,0,0,-46,116,65,10
2021-09-20 04:00:00,,0,0,0,-60,108,64,10
2021-09-20 05:00:00,,0,0,0,-73,100,64,10
2021-09-20 06:00:00,,0,0,0,-85,91,64,10
2021-09-20 07:00:00,,29,6,28,-98,82,64,11
2021-09-20 08:00:00,,90,12,87,-110,74,59,12
2021-09-20 09:00:00,,168,20,159,-124,65,53,12
2021-09-20 10:00:00,,221,23,209,-139,59,53,12
2021-09-20 11:00:00,,257,23,243,-156,54,53,14
2021-09-20 12:00:00,,275,24,260,-174,52,53,14
2021-09-20 13:00:00,,288,32,268,167,52,50,14
2021-09-20 14:00:00,,275,41,252,148,56,47,14
2021-09-20 15:00:00,,240,50,216,132,61,44,14
2021-09-20 16:00:00,,177,57,156,118,69,42,14
2021-09-20 17:00:00,,101,54,88,105,77,37,12
2021-09-20 18:00:00,,22,13,20,93,86,31,12
2021-09-20 19:00:00,,0,0,0,81,95,31,11
2021-09-20 20:00:00,,0,0,0,68,104,33,11
2021-09-20 21:00:00,,0,0,0,55,112,35,10
2021-09-20 22:00:00,,0,0,0,40,118,37,10
2021-09-20 23:00:00,,0,0,0,23,123,39,9
2021-09-21 00:00:00,,0,0,0,5,125,42,9
2021-09-21 01:00:00,,0,0,0,-13,125,43,9
2021-09-21 02:00:00,,0,0,0,-31,122,45,9
2021-09-21 03:00:00,,0,0,0,-46,116,45,9
2021-09-21 04:00:00,,0,0,0,-61,109,44,9
2021-09-21 05:00:00,,0,0,0,-74,100,41,9
2021-09-21 06:00:00,,0,0,0,-86,92,39,9
2021-09-21 07:00:00,,49,24,44,-98,83,39,10
2021-09-21 08:00:00,,141,68,122,-110,74,36,11
2021-09-21 09:00:00,,243,113,196,-124,66,32,12
2021-09-21 10:00:00,,334,152,255,-139,59,30,12
2021-09-21 11:00:00,,405,195,290,-156,54,27,14
2021-09-21 12:00:00,,442,232,299,-175,52,25,14
2021-09-21 13:00:00,,429,227,293,166,53,26,14
2021-09-21 14:00:00,,376,184,273,148,56,28,14
2021-09-21 15:00:00,,295,144,227,132,62,31,14
2021-09-21 16:00:00,,199,101,163,118,69,33,12
2021-09-21 17:00:00,,98,63,85,105,78,37,12
2021-09-21 18:00:00,,18,12,16,93,87,38,11
2021-09-21 19:00:00,,0,0,0,81,96,43,10
2021-09-21 20:00:00,,0,0,0,68,104,50,9
2021-09-21 21:00:00,,0,0,0,55,112,56,8
2021-09-21 22:00:00,,0,0,0,40,119,58,8
2021-09-21 23:00:00,,0,0,0,23,124,60,8
2021-09-22 00:00:00,,0,0,0,5,126,61,8
2021-09-22 01:00:00,,0,0,0,-13,125,56,8
2021-09-22 02:00:00,,0,0,0,-31,122,49,8
2021-09-22 03:00:00,,0,0,0,-47,116,43,7
2021-09-22 04:00:00,,0,0,0,-61,109,38,7
2021-09-22 05:00:00,,0,0,0,-74,101,35,7
2021-09-22 06:00:00,,0,0,0,-86,92,31,7
2021-09-22 07:00:00,,54,46,46,-98,83,29,9
2021-09-22 08:00:00,,159,137,121,-111,74,26,11
2021-09-22 09:00:00,,273,214,186,-124,66,23,12
2021-09-22 10:00:00,,372,271,232,-139,59,21,14
