PeriodEnd,PeriodStart,Period,AirTemp,Azimuth,CloudOpacity,Dhi,Dni,Ghi,Zenith
2021-07-31T02:00:00Z,2021-07-31T01:00:00Z,PT60M,13.3,-18,51.0,0,0,0,106
2021-07-31T03:00:00Z,2021-07-31T02:00:00Z,PT60M,13.3,-33,51.5,0,0,0,103
2021-07-31T04:00:00Z,2021-07-31T03:00:00Z,PT60M,13.2,-46,65.9,0,0,0,97
2021-07-31T05:00:00Z,2021-07-31T04:00:00Z,PT60M,13.0,-58,69.4,2,0,2,90
2021-07-31T06:00:00Z,2021-07-31T05:00:00Z,PT60M,13.1,-70,69.1,27,0,27,82
2021-07-31T07:00:00Z,2021-07-31T06:00:00Z,PT60M,13.6,-81,57.6,98,0,98,73
2021-07-31T08:00:00Z,2021-07-31T07:00:00Z,PT60M,14.6,-93,50.3,189,0,189,64
2021-07-31T09:00:00Z,2021-07-31T08:00:00Z,PT60M,15.5,-106,51.5,251,0,251,55
2021-07-31T10:00:00Z,2021-07-31T09:00:00Z,PT60M,16.1,-121,70.8,189,0,189,47
2021-07-31T11:00:00Z,2021-07-31T10:00:00Z,PT60M,16.9,-139,57.7,314,0,314,40
2021-07-31T12:00:00Z,2021-07-31T11:00:00Z,PT60M,17.5,-162,60.7,311,0,311,36
2021-07-31T13:00:00Z,2021-07-31T12:00:00Z,PT60M,17.5,174,63.1,297,0,297,35
2021-07-31T14:00:00Z,2021-07-31T13:00:00Z,PT60M,17.5,150,67.2,254,0,254,38
2021-07-31T15:00:00Z,2021-07-31T14:00:00Z,PT60M,17.7,130,68.8,218,0,218,43
2021-07-31T16:00:00Z,2021-07-31T15:00:00Z,PT60M,18.0,113,56.0,261,0,261,51
2021-07-31T17:00:00Z,2021-07-31T16:00:00Z,PT60M,17.7,100,58.6,189,0,189,60
2021-07-31T18:00:00Z,2021-07-31T17:00:00Z,PT60M,16.8,87,54.7,143,5,145,69
2021-07-31T19:00:00Z,2021-07-31T18:00:00Z,PT60M,15.6,76,53.3,73,0,73,77
2021-07-31T20:00:00Z,2021-07-31T19:00:00Z,PT60M,14.5,64,46.8,22,0,22,86
2021-07-31T21:00:00Z,2021-07-31T20:00:00Z,PT60M,14.0,52,49.9,0,0,0,94
2021-07-31T22:00:00Z,2021-07-31T21:00:00Z,PT60M,13.8,39,47.7,0,0,0,100
2021-07-31T23:00:00Z,2021-07-31T22:00:00Z,PT60M,13.9,26,47.1,0,0,0,105
2021-08-01T00:00:00Z,2021-07-31T23:00:00Z,PT60M,13.8,11,47.8,0,0,0,108
2021-08-01T01:00:00Z,2021-08-01T00:00:00Z,PT60M,13.7,-4,50.2,0,0,0,108
2021-08-01T02:00:00Z,2021-08-01T01:00:00Z,PT60M,13.3,-19,48.4,0,0,0,107
2021-08-01T03:00:00Z,2021-08-01T02:00:00Z,PT60M,12.7,-33,49.4,0,0,0,103
2021-08-01T04:00:00Z,2021-08-01T03:00:00Z,PT60M,12.1,-46,53.0,0,0,0,97
2021-08-01T05:00:00Z,2021-08-01T04:00:00Z,PT60M,11.8,-58,62.7,3,0,3,90
2021-08-01T06:00:00Z,2021-08-01T05:00:00Z,PT60M,12.0,-70,40.7,59,13,61,82
2021-08-01T07:00:00Z,2021-08-01T06:00:00Z,PT60M,12.6,-82,30.7,129,98,160,73
2021-08-01T08:00:00Z,2021-08-01T07:00:00Z,PT60M,13.3,-93,16.4,190,313,315,64
2021-08-01T09:00:00Z,2021-08-01T08:00:00Z,PT60M,13.8,-106,48.2,268,4,270,55
2021-08-01T10:00:00Z,2021-08-01T09:00:00Z,PT60M,14.4,-121,68.0,211,0,211,47
2021-08-01T11:00:00Z,2021-08-01T10:00:00Z,PT60M,15.1,-140,65.9,257,0,257,40
2021-08-01T12:00:00Z,2021-08-01T11:00:00Z,PT60M,15.5,-162,60.2,320,0,320,36
2021-08-01T13:00:00Z,2021-08-01T12:00:00Z,PT60M,15.4,174,38.6,494,6,499,35
2021-08-01T14:00:00Z,2021-08-01T13:00:00Z,PT60M,15.4,150,29.2,454,124,551,38
2021-08-01T15:00:00Z,2021-08-01T14:00:00Z,PT60M,16.0,130,27.0,418,130,515,44
2021-08-01T16:00:00Z,2021-08-01T15:00:00Z,PT60M,16.9,114,34.5,375,23,389,51
2021-08-01T17:00:00Z,2021-08-01T16:00:00Z,PT60M,17.2,100,24.3,267,162,341,60
2021-08-01T18:00:00Z,2021-08-01T17:00:00Z,PT60M,16.3,88,44.5,135,98,177,69
2021-08-01T19:00:00Z,2021-08-01T18:00:00Z,PT60M,14.8,76,41.8,84,9,85,78
2021-08-01T20:00:00Z,2021-08-01T19:00:00Z,PT60M,13.5,64,37.2,22,0,22,86
2021-08-01T21:00:00Z,2021-08-01T20:00:00Z,PT60M,13.0,52,37.0,0,0,0,94
2021-08-01T22:00:00Z,2021-08-01T21:00:00Z,PT60M,12.9,39,29.0,0,0,0,100
2021-08-01T23:00:00Z,2021-08-01T22:00:00Z,PT60M,12.9,26,27.5,0,0,0,105
2021-08-02T00:00:00Z,2021-08-01T23:00:00Z,PT60M,12.6,11,38.7,0,0,0,108
2021-08-02T01:00:00Z,2021-08-02T00:00:00Z,PT60M,12.3,-4,46.6,0,0,0,109
2021-08-02T02:00:00Z,2021-08-02T01:00:00Z,PT60M,12.2,-19,46.7,0,0,0,107
2021-08-02T03:00:00Z,2021-08-02T02:00:00Z,PT60M,12.1,-33,43.2,0,0,0,103
2021-08-02T04:00:00Z,2021-08-02T03:00:00Z,PT60M,11.7,-46,43.2,0,0,0,97
2021-08-02T05:00:00Z,2021-08-02T04:00:00Z,PT60M,11.1,-58,28.4,4,0,4,90
2021-08-02T06:00:00Z,2021-08-02T05:00:00Z,PT60M,11.5,-70,69.1,27,0,27,82
2021-08-02T07:00:00Z,2021-08-02T06:00:00Z,PT60M,12.8,-82,33.9,132,76,159,73
2021-08-02T08:00:00Z,2021-08-02T07:00:00Z,PT60M,13.8,-94,25.4,228,140,281,64
2021-08-02T09:00:00Z,2021-08-02T08:00:00Z,PT60M,14.4,-107,59.2,212,0,212,56
2021-08-02T10:00:00Z,2021-08-02T09:00:00Z,PT60M,15.1,-122,65.4,225,0,225,47
2021-08-02T11:00:00Z,2021-08-02T10:00:00Z,PT60M,15.7,-140,69.5,227,0,227,41
2021-08-02T12:00:00Z,2021-08-02T11:00:00Z,PT60M,15.9,-162,50.4,370,33,397,36
2021-08-02T13:00:00Z,2021-08-02T12:00:00Z,PT60M,16.4,174,46.8,426,3,428,35
2021-08-02T14:00:00Z,2021-08-02T13:00:00Z,PT60M,16.8,150,45.4,417,0,417,38
2021-08-02T15:00:00Z,2021-08-02T14:00:00Z,PT60M,17.2,130,45.0,379,0,379,44
2021-08-02T16:00:00Z,2021-08-02T15:00:00Z,PT60M,17.4,114,36.2,356,13,363,51
2021-08-02T17:00:00Z,2021-08-02T16:00:00Z,PT60M,17.3,100,20.3,270,149,345,60
2021-08-02T18:00:00Z,2021-08-02T17:00:00Z,PT60M,16.6,88,45.7,154,4,155,69
2021-08-02T19:00:00Z,2021-08-02T18:00:00Z,PT60M,15.2,76,45.7,72,0,72,78
2021-08-02T20:00:00Z,2021-08-02T19:00:00Z,PT60M,13.3,64,36.3,21,0,21,86
2021-08-02T21:00:00Z,2021-08-02T20:00:00Z,PT60M,11.6,52,45.6,0,0,0,94
2021-08-02T22:00:00Z,2021-08-02T21:00:00Z,PT60M,10.8,40,46.8,0,0,0,101
2021-08-02T23:00:00Z,2021-08-02T22:00:00Z,PT60M,10.5,26,25.8,0,0,0,105
2021-08-03T00:00:00Z,2021-08-02T23:00:00Z,PT60M,10.1,11,11.2,0,0,0,108
2021-08-03T01:00:00Z,2021-08-03T00:00:00Z,PT60M,9.7,-4,0.0,0,0,0,109
2021-08-03T02:00:00Z,2021-08-03T01:00:00Z,PT60M,9.4,-19,0.0,0,0,0,107
2021-08-03T03:00:00Z,2021-08-03T02:00:00Z,PT60M,9.2,-33,0.0,0,0,0,103
2021-08-03T04:00:00Z,2021-08-03T03:00:00Z,PT60M,8.9,-46,0.0,0,0,0,97
2021-08-03T05:00:00Z,2021-08-03T04:00:00Z,PT60M,8.8,-59,0.0,5,20,6,90
2021-08-03T06:00:00Z,2021-08-03T05:00:00Z,PT60M,9.7,-70,44.7,43,19,45,82
2021-08-03T07:00:00Z,2021-08-03T06:00:00Z,PT60M,11.8,-82,56.2,102,1,102,74
2021-08-03T08:00:00Z,2021-08-03T07:00:00Z,PT60M,13.8,-94,11.6,137,456,345,65
2021-08-03T09:00:00Z,2021-08-03T08:00:00Z,PT60M,15.6,-107,0.0,93,779,532,56
2021-08-03T10:00:00Z,2021-08-03T09:00:00Z,PT60M,17.2,-122,1.5,122,780,647,48
2021-08-03T11:00:00Z,2021-08-03T10:00:00Z,PT60M,18.4,-140,28.7,425,146,533,41
2021-08-03T12:00:00Z,2021-08-03T11:00:00Z,PT60M,19.0,-162,30.4,446,139,559,36
2021-08-03T13:00:00Z,2021-08-03T12:00:00Z,PT60M,19.4,174,18.5,384,342,662,35
2021-08-03T14:00:00Z,2021-08-03T13:00:00Z,PT60M,20.0,150,30.1,459,107,544,38
2021-08-03T15:00:00Z,2021-08-03T14:00:00Z,PT60M,20.3,130,30.3,421,93,489,44
2021-08-03T16:00:00Z,2021-08-03T15:00:00Z,PT60M,20.2,114,33.3,364,47,393,52
2021-08-03T17:00:00Z,2021-08-03T16:00:00Z,PT60M,19.7,100,25.5,246,177,328,60
2021-08-03T18:00:00Z,2021-08-03T17:00:00Z,PT60M,18.5,88,12.3,157,283,251,69
2021-08-03T19:00:00Z,2021-08-03T18:00:00Z,PT60M,17.1,76,0.0,65,351,140,78
2021-08-03T20:00:00Z,2021-08-03T19:00:00Z,PT60M,16.0,65,25.6,19,69,26,87
2021-08-03T21:00:00Z,2021-08-03T20:00:00Z,PT60M,15.4,53,39.2,0,0,0,94
2021-08-03T22:00:00Z,2021-08-03T21:00:00Z,PT60M,15.0,40,22.7,0,0,0,101
2021-08-03T23:00:00Z,2021-08-03T22:00:00Z,PT60M,14.8,26,41.6,0,0,0,106
2021-08-04T00:00:00Z,2021-08-03T23:00:00Z,PT60M,14.5,11,31.6,0,0,0,109
2021-08-04T01:00:00Z,2021-08-04T00:00:00Z,PT60M,14.1,-4,11.5,0,0,0,109
2021-08-04T02:00:00Z,2021-08-04T01:00:00Z,PT60M,13.6,-19,22.3,0,0,0,107
2021-08-04T03:00:00Z,2021-08-04T02:00:00Z,PT60M,13.2,-33,35.5,0,0,0,103
2021-08-04T04:00:00Z,2021-08-04T03:00:00Z,PT60M,12.9,-46,47.6,0,0,0,98
2021-08-04T05:00:00Z,2021-08-04T04:00:00Z,PT60M,12.9,-59,46.2,2,0,2,91
2021-08-04T06:00:00Z,2021-08-04T05:00:00Z,PT60M,13.3,-71,67.9,25,0,25,82
2021-08-04T07:00:00Z,2021-08-04T06:00:00Z,PT60M,14.4,-82,44.4,125,3,126,74
2021-08-04T08:00:00Z,2021-08-04T07:00:00Z,PT60M,15.8,-94,4.4,114,554,358,65
2021-08-04T09:00:00Z,2021-08-04T08:00:00Z,PT60M,17.3,-107,0.0,111,724,517,56
2021-08-04T10:00:00Z,2021-08-04T09:00:00Z,PT60M,18.3,-122,0.0,120,777,642,48
2021-08-04T11:00:00Z,2021-08-04T10:00:00Z,PT60M,19.0,-140,1.5,147,766,724,41
2021-08-04T12:00:00Z,2021-08-04T11:00:00Z,PT60M,19.5,-162,24.1,431,209,598,37
2021-08-04T13:00:00Z,2021-08-04T12:00:00Z,PT60M,19.9,174,49.2,392,17,406,36
2021-08-04T14:00:00Z,2021-08-04T13:00:00Z,PT60M,20.3,151,77.6,172,0,172,38
2021-08-04T15:00:00Z,2021-08-04T14:00:00Z,PT60M,20.7,131,40.3,258,210,404,44
2021-08-04T16:00:00Z,2021-08-04T15:00:00Z,PT60M,20.8,114,49.7,290,1,290,52
2021-08-04T17:00:00Z,2021-08-04T16:00:00Z,PT60M,20.2,100,66.3,151,0,151,60
2021-08-04T18:00:00Z,2021-08-04T17:00:00Z,PT60M,18.7,88,76.5,72,0,72,69
2021-08-04T19:00:00Z,2021-08-04T18:00:00Z,PT60M,17.1,76,67.2,44,0,44,78
2021-08-04T20:00:00Z,2021-08-04T19:00:00Z,PT60M,15.8,65,48.7,18,2,18,87
2021-08-04T21:00:00Z,2021-08-04T20:00:00Z,PT60M,15.3,53,71.8,0,0,0,94
2021-08-04T22:00:00Z,2021-08-04T21:00:00Z,PT60M,15.0,40,69.9,0,0,0,101
2021-08-04T23:00:00Z,2021-08-04T22:00:00Z,PT60M,14.1,26,79.6,0,0,0,106
2021-08-05T00:00:00Z,2021-08-04T23:00:00Z,PT60M,13.2,11,92.5,0,0,0,109
2021-08-05T01:00:00Z,2021-08-05T00:00:00Z,PT60M,12.8,-4,82.2,0,0,0,109
2021-08-05T02:00:00Z,2021-08-05T01:00:00Z,PT60M,12.6,-19,73.8,0,0,0,108
2021-08-05T03:00:00Z,2021-08-05T02:00:00Z,PT60M,12.4,-33,81.4,0,0,0,104
2021-08-05T04:00:00Z,2021-08-05T03:00:00Z,PT60M,12.0,-46,65.8,0,0,0,98
2021-08-05T05:00:00Z,2021-08-05T04:00:00Z,PT60M,11.4,-59,55.2,3,0,3,91
2021-08-05T06:00:00Z,2021-08-05T05:00:00Z,PT60M,11.9,-71,36.4,45,51,56,83
2021-08-05T07:00:00Z,2021-08-05T06:00:00Z,PT60M,13.4,-82,28.0,105,201,161,74
2021-08-05T08:00:00Z,2021-08-05T07:00:00Z,PT60M,14.8,-94,1.5,90,661,368,65
2021-08-05T09:00:00Z,2021-08-05T08:00:00Z,PT60M,16.2,-107,35.8,261,127,326,56
2021-08-05T10:00:00Z,2021-08-05T09:00:00Z,PT60M,17.5,-122,63.7,230,0,230,48
2021-08-05T11:00:00Z,2021-08-05T10:00:00Z,PT60M,17.8,-140,61.4,286,0,286,41
2021-08-05T12:00:00Z,2021-08-05T11:00:00Z,PT60M,17.1,-162,70.0,236,0,236,37
2021-08-05T13:00:00Z,2021-08-05T12:00:00Z,PT60M,16.0,174,74.7,202,0,202,36
2021-08-05T14:00:00Z,2021-08-05T13:00:00Z,PT60M,15.2,151,68.8,239,0,239,39
2021-08-05T15:00:00Z,2021-08-05T14:00:00Z,PT60M,15.8,131,79.6,141,0,141,44
2021-08-05T16:00:00Z,2021-08-05T15:00:00Z,PT60M,15.7,114,72.5,162,0,162,52
2021-08-05T17:00:00Z,2021-08-05T16:00:00Z,PT60M,14.7,101,69.6,130,0,130,61
2021-08-05T18:00:00Z,2021-08-05T17:00:00Z,PT60M,14.5,88,60.4,117,0,117,70
2021-08-05T19:00:00Z,2021-08-05T18:00:00Z,PT60M,14.5,76,81.2,26,0,26,79
2021-08-05T20:00:00Z,2021-08-05T19:00:00Z,PT60M,14.5,65,69.7,12,0,12,87
2021-08-05T21:00:00Z,2021-08-05T20:00:00Z,PT60M,14.6,53,77.1,0,0,0,95
2021-08-05T22:00:00Z,2021-08-05T21:00:00Z,PT60M,14.4,40,54.9,0,0,0,101
2021-08-05T23:00:00Z,2021-08-05T22:00:00Z,PT60M,14.0,26,45.2,0,0,0,106
2021-08-06T00:00:00Z,2021-08-05T23:00:00Z,PT60M,13.7,11,54.9,0,0,0,109
2021-08-06T01:00:00Z,2021-08-06T00:00:00Z,PT60M,13.1,-4,58.2,0,0,0,110
2021-08-06T02:00:00Z,2021-08-06T01:00:00Z,PT60M,12.5,-19,62.1,0,0,0,108
2021-08-06T03:00:00Z,2021-08-06T02:00:00Z,PT60M,12.2,-33,56.4,0,0,0,104
2021-08-06T04:00:00Z,2021-08-06T03:00:00Z,PT60M,12.3,-47,50.5,0,0,0,98
2021-08-06T05:00:00Z,2021-08-06T04:00:00Z,PT60M,12.8,-59,56.4,2,0,2,91
2021-08-06T06:00:00Z,2021-08-06T05:00:00Z,PT60M,13.4,-71,59.5,31,0,31,83
2021-08-06T07:00:00Z,2021-08-06T06:00:00Z,PT60M,14.1,-82,66.0,65,0,65,74
2021-08-06T08:00:00Z,2021-08-06T07:00:00Z,PT60M,14.8,-94,71.4,108,0,108,65
2021-08-06T09:00:00Z,2021-08-06T08:00:00Z,PT60M,15.0,-107,56.0,230,0,230,56
2021-08-06T10:00:00Z,2021-08-06T09:00:00Z,PT60M,14.7,-122,57.8,260,19,272,48
2021-08-06T11:00:00Z,2021-08-06T10:00:00Z,PT60M,14.7,-141,51.2,360,0,360,41
2021-08-06T12:00:00Z,2021-08-06T11:00:00Z,PT60M,15.5,-162,41.1,451,19,466,37
2021-08-06T13:00:00Z,2021-08-06T12:00:00Z,PT60M,17.1,174,36.3,397,142,512,36
2021-08-06T14:00:00Z,2021-08-06T13:00:00Z,PT60M,18.1,151,45.4,353,88,419,39
2021-08-06T15:00:00Z,2021-08-06T14:00:00Z,PT60M,18.5,131,6.8,174,666,650,45
2021-08-06T16:00:00Z,2021-08-06T15:00:00Z,PT60M,18.6,115,17.1,226,416,491,52
2021-08-06T17:00:00Z,2021-08-06T16:00:00Z,PT60M,18.1,101,9.2,146,550,403,61
2021-08-06T18:00:00Z,2021-08-06T17:00:00Z,PT60M,17.3,88,17.6,111,375,251,70
2021-08-06T19:00:00Z,2021-08-06T18:00:00Z,PT60M,16.0,77,19.4,71,223,120,79
2021-08-06T20:00:00Z,2021-08-06T19:00:00Z,PT60M,14.4,65,45.0,15,62,22,87
2021-08-06T21:00:00Z,2021-08-06T20:00:00Z,PT60M,13.1,53,67.4,0,0,0,95
2021-08-06T22:00:00Z,2021-08-06T21:00:00Z,PT60M,12.3,40,14.4,0,0,0,101
2021-08-06T23:00:00Z,2021-08-06T22:00:00Z,PT60M,11.9,26,11.5,0,0,0,106
2021-08-07T00:00:00Z,2021-08-06T23:00:00Z,PT60M,11.7,11,59.7,0,0,0,109
2021-08-07T01:00:00Z,2021-08-07T00:00:00Z,PT60M,11.6,-4,48.9,0,0,0,110
2021-08-07T02:00:00Z,2021-08-07T01:00:00Z,PT60M,11.7,-19,55.9,0,0,0,108
2021-08-07T03:00:00Z,2021-08-07T02:00:00Z,PT60M,12.1,-33,43.9,0,0,0,104
2021-08-07T04:00:00Z,2021-08-07T03:00:00Z,PT60M,12.6,-47,59.1,0,0,0,98
2021-08-07T05:00:00Z,2021-08-07T04:00:00Z,PT60M,13.1,-59,67.1,1,0,1,91
2021-08-07T06:00:00Z,2021-08-07T05:00:00Z,PT60M,13.2,-71,62.3,26,0,26,83
2021-08-07T07:00:00Z,2021-08-07T06:00:00Z,PT60M,13.4,-83,55.7,97,0,97,74
2021-08-07T08:00:00Z,2021-08-07T07:00:00Z,PT60M,14.1,-95,58.9,148,0,148,65
2021-08-07T09:00:00Z,2021-08-07T08:00:00Z,PT60M,14.8,-108,65.2,180,0,180,57
2021-08-07T10:00:00Z,2021-08-07T09:00:00Z,PT60M,15.0,-123,72.5,174,0,174,48
2021-08-07T11:00:00Z,2021-08-07T10:00:00Z,PT60M,15.4,-141,72.4,203,0,203,42
2021-08-07T12:00:00Z,2021-08-07T11:00:00Z,PT60M,14.6,-162,64.2,281,0,281,37
2021-08-07T13:00:00Z,2021-08-07T12:00:00Z,PT60M,13.6,174,55.1,358,0,358,37
2021-08-07T14:00:00Z,2021-08-07T13:00:00Z,PT60M,13.9,151,64.0,276,0,276,39
2021-08-07T15:00:00Z,2021-08-07T14:00:00Z,PT60M,14.9,131,51.4,331,2,332,45
2021-08-07T16:00:00Z,2021-08-07T15:00:00Z,PT60M,16.0,115,35.7,314,96,369,53
2021-08-07T17:00:00Z,2021-08-07T16:00:00Z,PT60M,16.8,101,48.5,216,34,234,61
2021-08-07T18:00:00Z,2021-08-07T17:00:00Z,PT60M,16.2,88,72.0,80,0,80,70
2021-08-07T19:00:00Z,2021-08-07T18:00:00Z,PT60M,14.9,77,62.9,51,0,51,79
2021-08-07T20:00:00Z,2021-08-07T19:00:00Z,PT60M,14.1,65,69.0,11,0,11,87
2021-08-07T21:00:00Z,2021-08-07T20:00:00Z,PT60M,13.7,53,72.7,0,0,0,95
2021-08-07T22:00:00Z,2021-08-07T21:00:00Z,PT60M,13.7,40,59.0,0,0,0,102
2021-08-07T23:00:00Z,2021-08-07T22:00:00Z,PT60M,13.7,26,46.7,0,0,0,107
2021-08-08T00:00:00Z,2021-08-07T23:00:00Z,PT60M,13.5,11,55.3,0,0,0,110
2021-08-08T01:00:00Z,2021-08-08T00:00:00Z,PT60M,13.4,-4,73.6,0,0,0,110
2021-08-08T02:00:00Z,2021-08-08T01:00:00Z,PT60M,13.3,-19,64.1,0,0,0,108
2021-08-08T03:00:00Z,2021-08-08T02:00:00Z,PT60M,13.1,-33,56.4,0,0,0,104
2021-08-08T04:00:00Z,2021-08-08T03:00:00Z,PT60M,13.2,-47,52.7,0,0,0,99
2021-08-08T05:00:00Z,2021-08-08T04:00:00Z,PT60M,13.2,-59,80.6,1,0,1,91
2021-08-08T06:00:00Z,2021-08-08T05:00:00Z,PT60M,13.3,-71,76.5,21,0,21,83
2021-08-08T07:00:00Z,2021-08-08T06:00:00Z,PT60M,13.5,-83,83.9,32,0,32,75
2021-08-08T08:00:00Z,2021-08-08T07:00:00Z,PT60M,13.6,-95,73.0,105,0,105,66
2021-08-08T09:00:00Z,2021-08-08T08:00:00Z,PT60M,14.2,-108,74.1,136,0,136,57
2021-08-08T10:00:00Z,2021-08-08T09:00:00Z,PT60M,14.7,-123,67.4,205,0,205,49
2021-08-08T11:00:00Z,2021-08-08T10:00:00Z,PT60M,14.9,-141,68.6,234,0,234,42
2021-08-08T12:00:00Z,2021-08-08T11:00:00Z,PT60M,15.4,-162,48.5,380,30,404,38
2021-08-08T13:00:00Z,2021-08-08T12:00:00Z,PT60M,15.3,174,58.9,257,87,327,37
2021-08-08T14:00:00Z,2021-08-08T13:00:00Z,PT60M,15.5,151,54.1,351,0,351,40
2021-08-08T15:00:00Z,2021-08-08T14:00:00Z,PT60M,16.1,131,47.4,360,2,362,45
2021-08-08T16:00:00Z,2021-08-08T15:00:00Z,PT60M,16.5,115,40.1,298,79,343,53
2021-08-08T17:00:00Z,2021-08-08T16:00:00Z,PT60M,16.6,101,9.3,146,539,395,61
2021-08-08T18:00:00Z,2021-08-08T17:00:00Z,PT60M,16.0,89,0.0,64,662,288,70
2021-08-08T19:00:00Z,2021-08-08T18:00:00Z,PT60M,15.0,77,0.0,45,478,138,79
2021-08-08T20:00:00Z,2021-08-08T19:00:00Z,PT60M,13.5,65,36.2,14,50,19,88
2021-08-08T21:00:00Z,2021-08-08T20:00:00Z,PT60M,12.1,53,47.7,0,0,0,95
2021-08-08T22:00:00Z,2021-08-08T21:00:00Z,PT60M,11.6,40,41.4,0,0,0,102
2021-08-08T23:00:00Z,2021-08-08T22:00:00Z,PT60M,11.3,26,44.2,0,0,0,107
2021-08-09T00:00:00Z,2021-08-08T23:00:00Z,PT60M,10.9,11,45.6,0,0,0,110
2021-08-09T01:00:00Z,2021-08-09T00:00:00Z,PT60M,10.5,-4,61.7,0,0,0,110
2021-08-09T02:00:00Z,2021-08-09T01:00:00Z,PT60M,10.1,-19,66.4,0,0,0,109
2021-08-09T03:00:00Z,2021-08-09T02:00:00Z,PT60M,9.8,-34,75.8,0,0,0,105
2021-08-09T04:00:00Z,2021-08-09T03:00:00Z,PT60M,9.6,-47,64.6,0,0,0,99
2021-08-09T05:00:00Z,2021-08-09T04:00:00Z,PT60M,9.6,-60,54.5,1,0,1,92
2021-08-09T06:00:00Z,2021-08-09T05:00:00Z,PT60M,10.2,-71,51.9,34,0,34,83
2021-08-09T07:00:00Z,2021-08-09T06:00:00Z,PT60M,11.8,-83,67.6,63,0,63,75
2021-08-09T08:00:00Z,2021-08-09T07:00:00Z,PT60M,13.5,-95,71.1,104,0,104,66
2021-08-09T09:00:00Z,2021-08-09T08:00:00Z,PT60M,15.1,-108,50.8,252,8,257,57
2021-08-09T10:00:00Z,2021-08-09T09:00:00Z,PT60M,16.5,-123,31.3,378,95,443,49
2021-08-09T11:00:00Z,2021-08-09T10:00:00Z,PT60M,17.6,-141,29.2,297,304,523,42
2021-08-09T12:00:00Z,2021-08-09T11:00:00Z,PT60M,18.6,-163,14.2,304,477,680,38
2021-08-09T13:00:00Z,2021-08-09T12:00:00Z,PT60M,19.1,174,25.7,389,258,595,37
2021-08-09T14:00:00Z,2021-08-09T13:00:00Z,PT60M,18.2,151,31.5,409,148,522,40
2021-08-09T15:00:00Z,2021-08-09T14:00:00Z,PT60M,17.2,131,33.8,398,77,454,45
2021-08-09T16:00:00Z,2021-08-09T15:00:00Z,PT60M,17.6,115,48.3,294,0,294,53
2021-08-09T17:00:00Z,2021-08-09T16:00:00Z,PT60M,17.6,101,46.7,229,0,229,62
2021-08-09T18:00:00Z,2021-08-09T17:00:00Z,PT60M,16.7,89,45.5,151,0,151,71
2021-08-09T19:00:00Z,2021-08-09T18:00:00Z,PT60M,15.4,77,39.5,71,16,72,79
2021-08-09T20:00:00Z,2021-08-09T19:00:00Z,PT60M,13.8,65,28.0,15,23,17,88
2021-08-09T21:00:00Z,2021-08-09T20:00:00Z,PT60M,12.4,53,31.6,0,0,0,96
2021-08-09T22:00:00Z,2021-08-09T21:00:00Z,PT60M,11.5,40,22.0,0,0,0,102
2021-08-09T23:00:00Z,2021-08-09T22:00:00Z,PT60M,11.1,26,34.7,0,0,0,107
2021-08-10T00:00:00Z,2021-08-09T23:00:00Z,PT60M,11.0,11,46.6,0,0,0,110
2021-08-10T01:00:00Z,2021-08-10T00:00:00Z,PT60M,11.7,-4,56.8,0,0,0,111
2021-08-10T02:00:00Z,2021-08-10T01:00:00Z,PT60M,12.2,-19,39.5,0,0,0,109
2021-08-10T03:00:00Z,2021-08-10T02:00:00Z,PT60M,12.2,-34,57.0,0,0,0,105
2021-08-10T04:00:00Z,2021-08-10T03:00:00Z,PT60M,11.9,-47,70.4,0,0,0,99
2021-08-10T05:00:00Z,2021-08-10T04:00:00Z,PT60M,11.9,-60,81.7,0,0,0,92
2021-08-10T06:00:00Z,2021-08-10T05:00:00Z,PT60M,12.5,-72,50.3,33,0,33,84
2021-08-10T07:00:00Z,2021-08-10T06:00:00Z,PT60M,13.5,-83,50.0,89,65,111,75
2021-08-10T08:00:00Z,2021-08-10T07:00:00Z,PT60M,14.7,-95,24.9,201,173,266,66
2021-08-10T09:00:00Z,2021-08-10T08:00:00Z,PT60M,16.2,-108,54.8,227,0,227,57
2021-08-10T10:00:00Z,2021-08-10T09:00:00Z,PT60M,17.6,-123,55.6,282,0,282,49
2021-08-10T11:00:00Z,2021-08-10T10:00:00Z,PT60M,18.6,-141,42.5,392,38,421,42
2021-08-10T12:00:00Z,2021-08-10T11:00:00Z,PT60M,19.0,-163,28.5,435,160,560,38
2021-08-10T13:00:00Z,2021-08-10T12:00:00Z,PT60M,18.8,174,30.9,430,148,548,37
2021-08-10T14:00:00Z,2021-08-10T13:00:00Z,PT60M,18.5,151,51.2,357,16,369,40
2021-08-10T15:00:00Z,2021-08-10T14:00:00Z,PT60M,18.0,131,35.9,284,218,429,46
2021-08-10T16:00:00Z,2021-08-10T15:00:00Z,PT60M,17.7,115,0.0,98,780,565,53
2021-08-10T17:00:00Z,2021-08-10T16:00:00Z,PT60M,17.5,101,0.0,91,700,423,62
2021-08-10T18:00:00Z,2021-08-10T17:00:00Z,PT60M,17.3,89,12.0,127,323,237,71
2021-08-10T19:00:00Z,2021-08-10T18:00:00Z,PT60M,16.5,77,5.6,61,278,113,80
2021-08-10T20:00:00Z,2021-08-10T19:00:00Z,PT60M,14.9,66,51.5,11,0,11,88
2021-08-10T21:00:00Z,2021-08-10T20:00:00Z,PT60M,13.9,53,63.7,0,0,0,96
2021-08-10T22:00:00Z,2021-08-10T21:00:00Z,PT60M,13.2,40,73.7,0,0,0,103
2021-08-10T23:00:00Z,2021-08-10T22:00:00Z,PT60M,12.7,26,70.0,0,0,0,108
2021-08-11T00:00:00Z,2021-08-10T23:00:00Z,PT60M,12.6,11,70.3,0,0,0,110
2021-08-11T01:00:00Z,2021-08-11T00:00:00Z,PT60M,12.4,-4,67.1,0,0,0,111
2021-08-11T02:00:00Z,2021-08-11T01:00:00Z,PT60M,12.1,-19,72.3,0,0,0,109
2021-08-11T03:00:00Z,2021-08-11T02:00:00Z,PT60M,12.0,-34,56.6,0,0,0,105
2021-08-11T04:00:00Z,2021-08-11T03:00:00Z,PT60M,11.9,-47,91.1,0,0,0,99
2021-08-11T05:00:00Z,2021-08-11T04:00:00Z,PT60M,11.7,-60,86.3,0,0,0,92
2021-08-11T06:00:00Z,2021-08-11T05:00:00Z,PT60M,11.8,-72,69.8,21,0,21,84
2021-08-11T07:00:00Z,2021-08-11T06:00:00Z,PT60M,13.1,-84,48.7,98,0,98,75
2021-08-11T08:00:00Z,2021-08-11T07:00:00Z,PT60M,14.9,-96,35.2,176,108,226,66
2021-08-11T09:00:00Z,2021-08-11T08:00:00Z,PT60M,16.6,-109,18.0,213,351,392,57
2021-08-11T10:00:00Z,2021-08-11T09:00:00Z,PT60M,18.1,-124,47.7,321,0,321,49
2021-08-11T11:00:00Z,2021-08-11T10:00:00Z,PT60M,19.4,-142,48.9,357,0,357,43
2021-08-11T12:00:00Z,2021-08-11T11:00:00Z,PT60M,19.6,-163,65.4,261,0,261,39
2021-08-11T13:00:00Z,2021-08-11T12:00:00Z,PT60M,19.4,174,60.7,286,19,301,38
2021-08-11T14:00:00Z,2021-08-11T13:00:00Z,PT60M,19.5,151,69.6,224,0,224,40
2021-08-11T15:00:00Z,2021-08-11T14:00:00Z,PT60M,19.6,132,55.2,296,0,296,46
2021-08-11T16:00:00Z,2021-08-11T15:00:00Z,PT60M,19.5,115,62.0,207,0,207,54
2021-08-11T17:00:00Z,2021-08-11T16:00:00Z,PT60M,19.5,102,48.8,203,13,209,62
2021-08-11T18:00:00Z,2021-08-11T17:00:00Z,PT60M,19.3,89,48.0,136,0,136,71
2021-08-11T19:00:00Z,2021-08-11T18:00:00Z,PT60M,18.4,77,37.5,66,13,68,80
2021-08-11T20:00:00Z,2021-08-11T19:00:00Z,PT60M,17.1,66,34.2,11,0,11,88
2021-08-11T21:00:00Z,2021-08-11T20:00:00Z,PT60M,16.1,53,37.2,0,0,0,96
2021-08-11T22:00:00Z,2021-08-11T21:00:00Z,PT60M,15.6,40,40.3,0,0,0,103
2021-08-11T23:00:00Z,2021-08-11T22:00:00Z,PT60M,15.2,26,46.4,0,0,0,108
2021-08-12T00:00:00Z,2021-08-11T23:00:00Z,PT60M,13.5,11,9.9,0,0,0,111
2021-08-12T01:00:00Z,2021-08-12T00:00:00Z,PT60M,11.5,-4,0.0,0,0,0,111
2021-08-12T02:00:00Z,2021-08-12T01:00:00Z,PT60M,10.6,-19,11.0,0,0,0,109
2021-08-12T03:00:00Z,2021-08-12T02:00:00Z,PT60M,10.1,-34,0.0,0,0,0,105
2021-08-12T04:00:00Z,2021-08-12T03:00:00Z,PT60M,9.7,-48,13.7,0,0,0,100
2021-08-12T05:00:00Z,2021-08-12T04:00:00Z,PT60M,9.3,-60,0.0,1,0,1,92
2021-08-12T06:00:00Z,2021-08-12T05:00:00Z,PT60M,9.7,-72,5.5,36,53,44,84
2021-08-12T07:00:00Z,2021-08-12T06:00:00Z,PT60M,11.2,-84,0.0,92,290,168,75
2021-08-12T08:00:00Z,2021-08-12T07:00:00Z,PT60M,13.1,-96,0.0,139,441,318,66
2021-08-12T09:00:00Z,2021-08-12T08:00:00Z,PT60M,15.0,-109,0.0,177,538,466,58
2021-08-12T10:00:00Z,2021-08-12T09:00:00Z,PT60M,16.8,-124,0.0,234,525,574,50
2021-08-12T11:00:00Z,2021-08-12T10:00:00Z,PT60M,18.2,-142,15.1,437,137,535,43
2021-08-12T12:00:00Z,2021-08-12T11:00:00Z,PT60M,19.2,-163,16.5,493,60,539,39
2021-08-12T13:00:00Z,2021-08-12T12:00:00Z,PT60M,19.8,174,19.1,509,25,529,38
2021-08-12T14:00:00Z,2021-08-12T13:00:00Z,PT60M,20.2,151,27.1,471,9,477,41
2021-08-12T15:00:00Z,2021-08-12T14:00:00Z,PT60M,20.1,132,21.1,381,146,484,46
2021-08-12T16:00:00Z,2021-08-12T15:00:00Z,PT60M,19.8,116,36.8,324,15,332,54
2021-08-12T17:00:00Z,2021-08-12T16:00:00Z,PT60M,19.1,102,10.6,195,356,355,62
2021-08-12T18:00:00Z,2021-08-12T17:00:00Z,PT60M,18.1,89,2.7,94,507,253,71
2021-08-12T19:00:00Z,2021-08-12T18:00:00Z,PT60M,16.9,78,0.0,45,413,120,80
2021-08-12T20:00:00Z,2021-08-12T19:00:00Z,PT60M,15.3,66,13.0,10,59,15,89
2021-08-12T21:00:00Z,2021-08-12T20:00:00Z,PT60M,14.0,54,61.7,0,0,0,97
2021-08-12T22:00:00Z,2021-08-12T21:00:00Z,PT60M,13.4,40,51.6,0,0,0,103
2021-08-12T23:00:00Z,2021-08-12T22:00:00Z,PT60M,12.8,26,11.9,0,0,0,108
2021-08-13T00:00:00Z,2021-08-12T23:00:00Z,PT60M,12.1,11,41.2,0,0,0,111
2021-08-13T01:00:00Z,2021-08-13T00:00:00Z,PT60M,11.7,-4,39.6,0,0,0,112
2021-08-13T02:00:00Z,2021-08-13T01:00:00Z,PT60M,11.5,-20,83.9,0,0,0,110
2021-08-13T03:00:00Z,2021-08-13T02:00:00Z,PT60M,11.8,-34,96.8,0,0,0,106
2021-08-13T04:00:00Z,2021-08-13T03:00:00Z,PT60M,12.1,-48,96.0,0,0,0,100
2021-08-13T05:00:00Z,2021-08-13T04:00:00Z,PT60M,12.1,-60,97.0,0,0,0,93
2021-08-13T06:00:00Z,2021-08-13T05:00:00Z,PT60M,12.2,-72,68.2,24,11,26,84
2021-08-13T07:00:00Z,2021-08-13T06:00:00Z,PT60M,13.1,-84,9.1,96,283,169,76
2021-08-13T08:00:00Z,2021-08-13T07:00:00Z,PT60M,14.6,-96,3.3,104,563,335,67
2021-08-13T09:00:00Z,2021-08-13T08:00:00Z,PT60M,16.1,-109,2.4,122,680,482,58
2021-08-13T10:00:00Z,2021-08-13T09:00:00Z,PT60M,17.4,-124,35.0,350,88,406,50
2021-08-13T11:00:00Z,2021-08-13T10:00:00Z,PT60M,18.5,-142,27.0,331,271,527,43
2021-08-13T12:00:00Z,2021-08-13T11:00:00Z,PT60M,19.0,-163,12.7,271,528,681,39
2021-08-13T13:00:00Z,2021-08-13T12:00:00Z,PT60M,19.5,174,5.0,158,757,753,38
2021-08-13T14:00:00Z,2021-08-13T13:00:00Z,PT60M,20.1,151,20.2,255,464,603,41
2021-08-13T15:00:00Z,2021-08-13T14:00:00Z,PT60M,20.2,132,17.6,266,430,554,47
2021-08-13T16:00:00Z,2021-08-13T15:00:00Z,PT60M,19.5,116,22.8,198,398,440,54
2021-08-13T17:00:00Z,2021-08-13T16:00:00Z,PT60M,18.8,102,26.6,204,220,310,63
2021-08-13T18:00:00Z,2021-08-13T17:00:00Z,PT60M,18.2,89,37.0,158,23,166,72
2021-08-13T19:00:00Z,2021-08-13T18:00:00Z,PT60M,17.1,78,40.8,69,2,70,80
2021-08-13T20:00:00Z,2021-08-13T19:00:00Z,PT60M,15.6,66,40.7,10,0,10,89
2021-08-13T21:00:00Z,2021-08-13T20:00:00Z,PT60M,14.4,54,44.9,0,0,0,97
2021-08-13T22:00:00Z,2021-08-13T21:00:00Z,PT60M,13.7,41,6.7,0,0,0,103
2021-08-13T23:00:00Z,2021-08-13T22:00:00Z,PT60M,13.1,26,30.0,0,0,0,108
2021-08-14T00:00:00Z,2021-08-13T23:00:00Z,PT60M,12.7,11,64.5,0,0,0,111
2021-08-14T01:00:00Z,2021-08-14T00:00:00Z,PT60M,12.3,-4,63.0,0,0,0,112
2021-08-14T02:00:00Z,2021-08-14T01:00:00Z,PT60M,12.0,-20,68.2,0,0,0,110
2021-08-14T03:00:00Z,2021-08-14T02:00:00Z,PT60M,11.9,-34,61.6,0,0,0,106
2021-08-14T04:00:00Z,2021-08-14T03:00:00Z,PT60M,12.3,-48,44.7,0,0,0,100
2021-08-14T05:00:00Z,2021-08-14T04:00:00Z,PT60M,12.9,-60,67.0,0,0,0,93
2021-08-14T06:00:00Z,2021-08-14T05:00:00Z,PT60M,13.2,-72,67.6,17,0,17,85
2021-08-14T07:00:00Z,2021-08-14T06:00:00Z,PT60M,13.9,-84,66.7,62,0,62,76
2021-08-14T08:00:00Z,2021-08-14T07:00:00Z,PT60M,14.5,-96,44.7,183,4,185,67
2021-08-14T09:00:00Z,2021-08-14T08:00:00Z,PT60M,15.1,-109,36.0,298,8,302,58
2021-08-14T10:00:00Z,2021-08-14T09:00:00Z,PT60M,15.4,-124,52.9,275,0,275,50
2021-08-14T11:00:00Z,2021-08-14T10:00:00Z,PT60M,16.2,-142,55.7,300,0,300,43
2021-08-14T12:00:00Z,2021-08-14T11:00:00Z,PT60M,18.1,-163,58.3,301,0,301,39
2021-08-14T13:00:00Z,2021-08-14T12:00:00Z,PT60M,18.9,174,56.7,316,0,316,39
2021-08-14T14:00:00Z,2021-08-14T13:00:00Z,PT60M,19.0,151,37.2,408,37,436,41
2021-08-14T15:00:00Z,2021-08-14T14:00:00Z,PT60M,19.3,132,43.8,348,0,348,47
2021-08-14T16:00:00Z,2021-08-14T15:00:00Z,PT60M,18.8,116,55.8,220,0,220,54
2021-08-14T17:00:00Z,2021-08-14T16:00:00Z,PT60M,18.2,102,69.2,111,0,111,63
2021-08-14T18:00:00Z,2021-08-14T17:00:00Z,PT60M,17.4,90,55.3,91,0,91,72
2021-08-14T19:00:00Z,2021-08-14T18:00:00Z,PT60M,16.3,78,40.1,48,0,48,81
2021-08-14T20:00:00Z,2021-08-14T19:00:00Z,PT60M,15.4,66,71.8,3,0,3,89
2021-08-14T21:00:00Z,2021-08-14T20:00:00Z,PT60M,14.7,54,75.5,0,0,0,97
2021-08-14T22:00:00Z,2021-08-14T21:00:00Z,PT60M,14.4,41,62.8,0,0,0,104
2021-08-14T23:00:00Z,2021-08-14T22:00:00Z,PT60M,14.4,26,41.2,0,0,0,109
2021-08-15T00:00:00Z,2021-08-14T23:00:00Z,PT60M,14.1,11,32.1,0,0,0,112
2021-08-15T01:00:00Z,2021-08-15T00:00:00Z,PT60M,13.8,-4,42.3,0,0,0,112
2021-08-15T02:00:00Z,2021-08-15T01:00:00Z,PT60M,13.6,-20,34.2,0,0,0,110
2021-08-15T03:00:00Z,2021-08-15T02:00:00Z,PT60M,13.9,-34,35.4,0,0,0,106
2021-08-15T04:00:00Z,2021-08-15T03:00:00Z,PT60M,14.6,-48,32.0,0,0,0,100
2021-08-15T05:00:00Z,2021-08-15T04:00:00Z,PT60M,14.3,-61,29.5,1,1,1,93
2021-08-15T06:00:00Z,2021-08-15T05:00:00Z,PT60M,14.3,-73,39.2,21,20,23,85
2021-08-15T07:00:00Z,2021-08-15T06:00:00Z,PT60M,15.2,-84,50.9,86,39,98,76
2021-08-15T08:00:00Z,2021-08-15T07:00:00Z,PT60M,15.8,-96,22.0,151,283,274,67
2021-08-15T09:00:00Z,2021-08-15T08:00:00Z,PT60M,16.7,-110,32.3,224,214,331,58
2021-08-15T10:00:00Z,2021-08-15T09:00:00Z,PT60M,17.9,-125,41.3,330,59,365,50
2021-08-15T11:00:00Z,2021-08-15T10:00:00Z,PT60M,18.5,-142,50.0,358,0,358,44
2021-08-15T12:00:00Z,2021-08-15T11:00:00Z,PT60M,18.1,-163,49.4,373,19,388,40
2021-08-15T13:00:00Z,2021-08-15T12:00:00Z,PT60M,17.4,174,52.5,364,5,367,39
2021-08-15T14:00:00Z,2021-08-15T13:00:00Z,PT60M,17.4,151,48.8,370,12,378,42
2021-08-15T15:00:00Z,2021-08-15T14:00:00Z,PT60M,17.2,132,40.1,388,9,395,47
2021-08-15T16:00:00Z,2021-08-15T15:00:00Z,PT60M,16.8,116,52.3,262,4,264,55
2021-08-15T17:00:00Z,2021-08-15T16:00:00Z,PT60M,16.5,102,48.6,207,0,207,63
2021-08-15T18:00:00Z,2021-08-15T17:00:00Z,PT60M,15.8,90,56.4,112,0,112,72
2021-08-15T19:00:00Z,2021-08-15T18:00:00Z,PT60M,14.8,78,38.7,63,21,67,81
2021-08-15T20:00:00Z,2021-08-15T19:00:00Z,PT60M,13.8,66,62.7,5,0,5,90
2021-08-15T21:00:00Z,2021-08-15T20:00:00Z,PT60M,13.0,54,73.4,0,0,0,97
2021-08-15T22:00:00Z,2021-08-15T21:00:00Z,PT60M,12.5,41,62.3,0,0,0,104
2021-08-15T23:00:00Z,2021-08-15T22:00:00Z,PT60M,12.2,27,36.7,0,0,0,109
2021-08-16T00:00:00Z,2021-08-15T23:00:00Z,PT60M,11.9,11,16.5,0,0,0,112
2021-08-16T01:00:00Z,2021-08-16T00:00:00Z,PT60M,11.7,-4,35.1,0,0,0,112
2021-08-16T02:00:00Z,2021-08-16T01:00:00Z,PT60M,12.1,-20,49.5,0,0,0,111
2021-08-16T03:00:00Z,2021-08-16T02:00:00Z,PT60M,12.7,-35,65.2,0,0,0,107
2021-08-16T04:00:00Z,2021-08-16T03:00:00Z,PT60M,12.5,-48,63.3,0,0,0,101
2021-08-16T05:00:00Z,2021-08-16T04:00:00Z,PT60M,12.3,-61,49.8,0,0,0,93
2021-08-16T06:00:00Z,2021-08-16T05:00:00Z,PT60M,12.6,-73,58.1,14,0,14,85
2021-08-16T07:00:00Z,2021-08-16T06:00:00Z,PT60M,13.1,-85,67.7,47,0,47,76
2021-08-16T08:00:00Z,2021-08-16T07:00:00Z,PT60M,13.3,-97,60.8,110,0,110,67
2021-08-16T09:00:00Z,2021-08-16T08:00:00Z,PT60M,13.6,-110,57.7,169,0,169,58
2021-08-16T10:00:00Z,2021-08-16T09:00:00Z,PT60M,13.8,-125,59.5,215,0,215,50
2021-08-16T11:00:00Z,2021-08-16T10:00:00Z,PT60M,13.4,-143,74.3,165,0,165,44
2021-08-16T12:00:00Z,2021-08-16T11:00:00Z,PT60M,13.1,-164,59.7,289,0,289,40
2021-08-16T13:00:00Z,2021-08-16T12:00:00Z,PT60M,13.2,174,58.2,308,0,308,39
2021-08-16T14:00:00Z,2021-08-16T13:00:00Z,PT60M,13.7,152,57.0,305,0,305,42
2021-08-16T15:00:00Z,2021-08-16T14:00:00Z,PT60M,15.0,132,51.1,318,0,318,47
2021-08-16T16:00:00Z,2021-08-16T15:00:00Z,PT60M,15.8,116,51.7,261,0,261,55
2021-08-16T17:00:00Z,2021-08-16T16:00:00Z,PT60M,15.5,102,30.6,229,108,275,63
2021-08-16T18:00:00Z,2021-08-16T17:00:00Z,PT60M,15.1,90,13.7,123,305,211,72
2021-08-16T19:00:00Z,2021-08-16T18:00:00Z,PT60M,14.1,78,48.9,56,1,56,81
2021-08-16T20:00:00Z,2021-08-16T19:00:00Z,PT60M,13.0,66,63.8,3,0,3,90
2021-08-16T21:00:00Z,2021-08-16T20:00:00Z,PT60M,12.8,54,55.4,0,0,0,98
2021-08-16T22:00:00Z,2021-08-16T21:00:00Z,PT60M,13.1,41,41.5,0,0,0,104
2021-08-16T23:00:00Z,2021-08-16T22:00:00Z,PT60M,13.1,27,33.1,0,0,0,109
2021-08-17T00:00:00Z,2021-08-16T23:00:00Z,PT60M,12.9,11,39.1,0,0,0,112
2021-08-17T01:00:00Z,2021-08-17T00:00:00Z,PT60M,12.7,-4,50.8,0,0,0,113
2021-08-17T02:00:00Z,2021-08-17T01:00:00Z,PT60M,12.6,-20,56.6,0,0,0,111
2021-08-17T03:00:00Z,2021-08-17T02:00:00Z,PT60M,12.7,-35,65.8,0,0,0,107
2021-08-17T04:00:00Z,2021-08-17T03:00:00Z,PT60M,13.0,-48,80.4,0,0,0,101
2021-08-17T05:00:00Z,2021-08-17T04:00:00Z,PT60M,13.1,-61,86.6,0,0,0,93
2021-08-17T06:00:00Z,2021-08-17T05:00:00Z,PT60M,13.0,-73,45.9,28,17,30,85
2021-08-17T07:00:00Z,2021-08-17T06:00:00Z,PT60M,13.2,-85,60.2,64,0,64,76
2021-08-17T08:00:00Z,2021-08-17T07:00:00Z,PT60M,13.5,-97,70.0,95,0,95,67
2021-08-17T09:00:00Z,2021-08-17T08:00:00Z,PT60M,13.8,-110,68.4,148,0,148,59
2021-08-17T10:00:00Z,2021-08-17T09:00:00Z,PT60M,14.1,-125,67.0,194,0,194,51
2021-08-17T11:00:00Z,2021-08-17T10:00:00Z,PT60M,14.3,-143,67.9,220,0,220,44
2021-08-17T12:00:00Z,2021-08-17T11:00:00Z,PT60M,14.5,-164,58.5,307,0,307,40
2021-08-17T13:00:00Z,2021-08-17T12:00:00Z,PT60M,14.8,174,62.8,279,0,279,39
2021-08-17T14:00:00Z,2021-08-17T13:00:00Z,PT60M,15.1,152,64.1,258,0,258,42
2021-08-17T15:00:00Z,2021-08-17T14:00:00Z,PT60M,15.3,132,62.0,241,0,241,48
2021-08-17T16:00:00Z,2021-08-17T15:00:00Z,PT60M,15.4,116,53.6,243,0,243,55
2021-08-17T17:00:00Z,2021-08-17T16:00:00Z,PT60M,15.2,103,48.9,201,0,201,64
2021-08-17T18:00:00Z,2021-08-17T17:00:00Z,PT60M,15.0,90,57.0,102,0,102,73
2021-08-17T19:00:00Z,2021-08-17T18:00:00Z,PT60M,14.8,78,45.4,49,0,49,82
2021-08-17T20:00:00Z,2021-08-17T19:00:00Z,PT60M,14.7,66,37.7,5,0,5,90
2021-08-17T21:00:00Z,2021-08-17T20:00:00Z,PT60M,14.5,54,43.6,0,0,0,98
2021-08-17T22:00:00Z,2021-08-17T21:00:00Z,PT60M,14.4,41,60.3,0,0,0,105
2021-08-17T23:00:00Z,2021-08-17T22:00:00Z,PT60M,14.3,27,56.5,0,0,0,110
2021-08-18T00:00:00Z,2021-08-17T23:00:00Z,PT60M,14.3,11,72.4,0,0,0,113
2021-08-18T01:00:00Z,2021-08-18T00:00:00Z,PT60M,14.2,-5,70.2,0,0,0,113
2021-08-18T02:00:00Z,2021-08-18T01:00:00Z,PT60M,14.0,-20,43.1,0,0,0,111
2021-08-18T03:00:00Z,2021-08-18T02:00:00Z,PT60M,13.7,-35,33.0,0,0,0,107
2021-08-18T04:00:00Z,2021-08-18T03:00:00Z,PT60M,13.5,-49,32.8,0,0,0,101
2021-08-18T05:00:00Z,2021-08-18T04:00:00Z,PT60M,13.2,-61,29.1,0,0,0,94
2021-08-18T06:00:00Z,2021-08-18T05:00:00Z,PT60M,13.0,-73,33.5,19,7,19,85
2021-08-18T07:00:00Z,2021-08-18T06:00:00Z,PT60M,13.2,-85,62.1,60,0,60,77
2021-08-18T08:00:00Z,2021-08-18T07:00:00Z,PT60M,13.8,-97,52.6,149,0,149,68
2021-08-18T09:00:00Z,2021-08-18T08:00:00Z,PT60M,14.7,-110,50.2,232,0,232,59
2021-08-18T10:00:00Z,2021-08-18T09:00:00Z,PT60M,15.4,-125,55.3,261,0,261,51
2021-08-18T11:00:00Z,2021-08-18T10:00:00Z,PT60M,15.8,-143,57.9,285,0,285,45
2021-08-18T12:00:00Z,2021-08-18T11:00:00Z,PT60M,15.7,-164,63.8,264,0,264,41
2021-08-18T13:00:00Z,2021-08-18T12:00:00Z,PT60M,15.4,173,63.4,268,0,268,40
2021-08-18T14:00:00Z,2021-08-18T13:00:00Z,PT60M,15.3,152,60.3,275,0,275,43
2021-08-18T15:00:00Z,2021-08-18T14:00:00Z,PT60M,15.3,133,60.6,240,0,240,48
2021-08-18T16:00:00Z,2021-08-18T15:00:00Z,PT60M,15.6,117,58.5,205,0,205,55
2021-08-18T17:00:00Z,2021-08-18T16:00:00Z,PT60M,15.8,103,58.8,143,0,143,64
2021-08-18T18:00:00Z,2021-08-18T17:00:00Z,PT60M,15.2,90,53.0,90,0,90,73
2021-08-18T19:00:00Z,2021-08-18T18:00:00Z,PT60M,14.6,78,33.8,45,0,45,82
2021-08-18T20:00:00Z,2021-08-18T19:00:00Z,PT60M,14.2,67,54.9,3,0,3,90
2021-08-18T21:00:00Z,2021-08-18T20:00:00Z,PT60M,13.8,54,57.2,0,0,0,98
2021-08-18T22:00:00Z,2021-08-18T21:00:00Z,PT60M,13.5,41,40.3,0,0,0,105
2021-08-18T23:00:00Z,2021-08-18T22:00:00Z,PT60M,13.1,27,38.6,0,0,0,110
2021-08-19T00:00:00Z,2021-08-18T23:00:00Z,PT60M,12.9,11,60.3,0,0,0,113
2021-08-19T01:00:00Z,2021-08-19T00:00:00Z,PT60M,13.2,-5,43.2,0,0,0,113
2021-08-19T02:00:00Z,2021-08-19T01:00:00Z,PT60M,13.4,-20,35.0,0,0,0,111
2021-08-19T03:00:00Z,2021-08-19T02:00:00Z,PT60M,13.5,-35,38.4,0,0,0,107
2021-08-19T04:00:00Z,2021-08-19T03:00:00Z,PT60M,13.3,-49,62.0,0,0,0,101
2021-08-19T05:00:00Z,2021-08-19T04:00:00Z,PT60M,13.2,-62,57.8,0,0,0,94
2021-08-19T06:00:00Z,2021-08-19T05:00:00Z,PT60M,13.3,-74,44.8,21,0,21,86
2021-08-19T07:00:00Z,2021-08-19T06:00:00Z,PT60M,13.9,-85,49.4,76,50,92,77
2021-08-19T08:00:00Z,2021-08-19T07:00:00Z,PT60M,15.0,-97,33.6,180,91,210,68
2021-08-19T09:00:00Z,2021-08-19T08:00:00Z,PT60M,16.2,-111,57.5,196,0,196,59
2021-08-19T10:00:00Z,2021-08-19T09:00:00Z,PT60M,16.9,-126,58.2,243,0,243,51
2021-08-19T11:00:00Z,2021-08-19T10:00:00Z,PT60M,16.1,-143,68.3,215,0,215,45
2021-08-19T12:00:00Z,2021-08-19T11:00:00Z,PT60M,15.3,-164,61.6,283,0,283,41
2021-08-19T13:00:00Z,2021-08-19T12:00:00Z,PT60M,16.2,173,59.7,301,0,301,40
2021-08-19T14:00:00Z,2021-08-19T13:00:00Z,PT60M,17.9,152,54.3,325,0,325,43
2021-08-19T15:00:00Z,2021-08-19T14:00:00Z,PT60M,18.9,133,34.0,288,195,413,48
2021-08-19T16:00:00Z,2021-08-19T15:00:00Z,PT60M,18.7,117,33.4,245,172,343,56
2021-08-19T17:00:00Z,2021-08-19T16:00:00Z,PT60M,18.5,103,20.1,187,259,304,64
2021-08-19T18:00:00Z,2021-08-19T17:00:00Z,PT60M,18.0,90,24.9,131,130,167,73
2021-08-19T19:00:00Z,2021-08-19T18:00:00Z,PT60M,16.7,79,35.9,43,61,56,82
2021-08-19T20:00:00Z,2021-08-19T19:00:00Z,PT60M,15.0,67,54.7,3,0,3,91
2021-08-19T21:00:00Z,2021-08-19T20:00:00Z,PT60M,14.0,54,64.3,0,0,0,99
2021-08-19T22:00:00Z,2021-08-19T21:00:00Z,PT60M,13.3,41,45.3,0,0,0,105
2021-08-19T23:00:00Z,2021-08-19T22:00:00Z,PT60M,12.8,27,34.0,0,0,0,110
2021-08-20T00:00:00Z,2021-08-19T23:00:00Z,PT60M,12.3,11,60.9,0,0,0,113
2021-08-20T01:00:00Z,2021-08-20T00:00:00Z,PT60M,12.0,-5,38.6,0,0,0,114
2021-08-20T02:00:00Z,2021-08-20T01:00:00Z,PT60M,11.8,-20,24.4,0,0,0,112
2021-08-20T03:00:00Z,2021-08-20T02:00:00Z,PT60M,11.8,-35,3.1,0,0,0,108
2021-08-20T04:00:00Z,2021-08-20T03:00:00Z,PT60M,11.7,-49,32.6,0,0,0,102
2021-08-20T05:00:00Z,2021-08-20T04:00:00Z,PT60M,11.8,-62,51.4,0,0,0,94
2021-08-20T06:00:00Z,2021-08-20T05:00:00Z,PT60M,12.4,-74,39.7,20,0,20,86
2021-08-20T07:00:00Z,2021-08-20T06:00:00Z,PT60M,13.8,-86,15.9,99,117,126,77
2021-08-20T08:00:00Z,2021-08-20T07:00:00Z,PT60M,15.4,-98,0.0,115,467,291,68
2021-08-20T09:00:00Z,2021-08-20T08:00:00Z,PT60M,17.0,-111,6.3,196,407,400,59
2021-08-20T10:00:00Z,2021-08-20T09:00:00Z,PT60M,18.4,-126,31.4,323,82,376,51
2021-08-20T11:00:00Z,2021-08-20T10:00:00Z,PT60M,19.6,-144,23.9,376,156,482,45
2021-08-20T12:00:00Z,2021-08-20T11:00:00Z,PT60M,20.3,-164,47.5,358,1,359,41
2021-08-20T13:00:00Z,2021-08-20T12:00:00Z,PT60M,20.1,173,40.7,410,0,410,40
2021-08-20T14:00:00Z,2021-08-20T13:00:00Z,PT60M,19.7,152,58.5,273,0,273,43
2021-08-20T15:00:00Z,2021-08-20T14:00:00Z,PT60M,20.0,133,68.3,183,0,183,49
2021-08-20T16:00:00Z,2021-08-20T15:00:00Z,PT60M,19.9,117,52.6,221,0,221,56
2021-08-20T17:00:00Z,2021-08-20T16:00:00Z,PT60M,19.4,103,40.0,196,0,196,65
2021-08-20T18:00:00Z,2021-08-20T17:00:00Z,PT60M,18.9,91,44.9,107,0,107,73
2021-08-20T19:00:00Z,2021-08-20T18:00:00Z,PT60M,17.8,79,51.8,31,0,31,82
2021-08-20T20:00:00Z,2021-08-20T19:00:00Z,PT60M,17.1,67,85.9,1,0,1,91
2021-08-20T21:00:00Z,2021-08-20T20:00:00Z,PT60M,16.8,54,94.5,0,0,0,99
2021-08-20T22:00:00Z,2021-08-20T21:00:00Z,PT60M,16.6,41,89.8,0,0,0,106
2021-08-20T23:00:00Z,2021-08-20T22:00:00Z,PT60M,16.4,27,76.0,0,0,0,111
2021-08-21T00:00:00Z,2021-08-20T23:00:00Z,PT60M,16.1,11,51.5,0,0,0,114
2021-08-21T01:00:00Z,2021-08-21T00:00:00Z,PT60M,15.7,-5,75.0,0,0,0,114
2021-08-21T02:00:00Z,2021-08-21T01:00:00Z,PT60M,15.5,-21,74.6,0,0,0,112
2021-08-21T03:00:00Z,2021-08-21T02:00:00Z,PT60M,15.3,-35,89.7,0,0,0,108
2021-08-21T04:00:00Z,2021-08-21T03:00:00Z,PT60M,15.2,-49,81.2,0,0,0,102
2021-08-21T05:00:00Z,2021-08-21T04:00:00Z,PT60M,14.8,-62,84.5,0,0,0,94
2021-08-21T06:00:00Z,2021-08-21T05:00:00Z,PT60M,14.6,-74,66.0,6,0,6,86
2021-08-21T07:00:00Z,2021-08-21T06:00:00Z,PT60M,15.1,-86,85.8,11,0,11,77
2021-08-21T08:00:00Z,2021-08-21T07:00:00Z,PT60M,15.7,-98,92.5,12,0,12,68
2021-08-21T09:00:00Z,2021-08-21T08:00:00Z,PT60M,16.2,-111,78.1,69,0,69,60
2021-08-21T10:00:00Z,2021-08-21T09:00:00Z,PT60M,16.6,-126,71.0,123,0,123,52
2021-08-21T11:00:00Z,2021-08-21T10:00:00Z,PT60M,16.8,-144,74.9,130,0,130,45
2021-08-21T12:00:00Z,2021-08-21T11:00:00Z,PT60M,16.6,-164,74.6,153,0,153,41
2021-08-21T13:00:00Z,2021-08-21T12:00:00Z,PT60M,16.7,173,69.9,191,0,191,41
2021-08-21T14:00:00Z,2021-08-21T13:00:00Z,PT60M,17.0,152,74.6,160,0,160,43
2021-08-21T15:00:00Z,2021-08-21T14:00:00Z,PT60M,16.6,133,74.7,149,0,149,49
2021-08-21T16:00:00Z,2021-08-21T15:00:00Z,PT60M,15.6,117,72.5,130,0,130,56
2021-08-21T17:00:00Z,2021-08-21T16:00:00Z,PT60M,15.4,103,54.4,151,0,151,65
2021-08-21T18:00:00Z,2021-08-21T17:00:00Z,PT60M,16.1,91,22.0,121,85,140,74
2021-08-21T19:00:00Z,2021-08-21T18:00:00Z,PT60M,15.9,79,4.4,45,106,61,83
2021-08-21T20:00:00Z,2021-08-21T19:00:00Z,PT60M,14.9,67,45.6,2,0,2,91
2021-08-21T21:00:00Z,2021-08-21T20:00:00Z,PT60M,14.2,55,57.3,0,0,0,99
2021-08-21T22:00:00Z,2021-08-21T21:00:00Z,PT60M,13.8,41,85.6,0,0,0,106
2021-08-21T23:00:00Z,2021-08-21T22:00:00Z,PT60M,13.7,27,86.1,0,0,0,111
2021-08-22T00:00:00Z,2021-08-21T23:00:00Z,PT60M,13.4,11,74.6,0,0,0,114
2021-08-22T01:00:00Z,2021-08-22T00:00:00Z,PT60M,13.2,-5,82.1,0,0,0,114
2021-08-22T02:00:00Z,2021-08-22T01:00:00Z,PT60M,13.1,-21,95.8,0,0,0,112
2021-08-22T03:00:00Z,2021-08-22T02:00:00Z,PT60M,12.7,-36,70.4,0,0,0,108
2021-08-22T04:00:00Z,2021-08-22T03:00:00Z,PT60M,12.7,-49,30.4,0,0,0,102
2021-08-22T05:00:00Z,2021-08-22T04:00:00Z,PT60M,12.8,-62,51.6,0,0,0,95
2021-08-22T06:00:00Z,2021-08-22T05:00:00Z,PT60M,13.2,-74,50.0,14,0,14,86
2021-08-22T07:00:00Z,2021-08-22T06:00:00Z,PT60M,13.8,-86,69.0,44,0,44,77
2021-08-22T08:00:00Z,2021-08-22T07:00:00Z,PT60M,14.5,-98,69.8,89,0,89,69
2021-08-22T09:00:00Z,2021-08-22T08:00:00Z,PT60M,14.8,-111,57.6,186,0,186,60
2021-08-22T10:00:00Z,2021-08-22T09:00:00Z,PT60M,15.1,-126,59.7,226,0,226,52
2021-08-22T11:00:00Z,2021-08-22T10:00:00Z,PT60M,15.4,-144,65.6,226,0,226,46
2021-08-22T12:00:00Z,2021-08-22T11:00:00Z,PT60M,16.1,-165,64.2,255,0,255,42
2021-08-22T13:00:00Z,2021-08-22T12:00:00Z,PT60M,17.6,173,67.1,238,0,238,41
2021-08-22T14:00:00Z,2021-08-22T13:00:00Z,PT60M,18.8,152,35.4,252,267,440,44
2021-08-22T15:00:00Z,2021-08-22T14:00:00Z,PT60M,18.8,133,9.7,224,502,552,49
2021-08-22T16:00:00Z,2021-08-22T15:00:00Z,PT60M,18.5,117,0.0,113,703,499,57
2021-08-22T17:00:00Z,2021-08-22T16:00:00Z,PT60M,18.1,103,0.0,93,635,361,65
2021-08-22T18:00:00Z,2021-08-22T17:00:00Z,PT60M,17.6,91,0.0,69,511,212,74
2021-08-22T19:00:00Z,2021-08-22T18:00:00Z,PT60M,16.5,79,0.0,37,251,73,83
2021-08-22T20:00:00Z,2021-08-22T19:00:00Z,PT60M,14.8,67,0.0,2,6,3,92
2021-08-22T21:00:00Z,2021-08-22T20:00:00Z,PT60M,13.7,55,16.5,0,0,0,100
2021-08-22T22:00:00Z,2021-08-22T21:00:00Z,PT60M,13.4,41,7.0,0,0,0,106
2021-08-22T23:00:00Z,2021-08-22T22:00:00Z,PT60M,13.5,27,11.3,0,0,0,111
2021-08-23T00:00:00Z,2021-08-22T23:00:00Z,PT60M,13.7,11,69.7,0,0,0,114
2021-08-23T01:00:00Z,2021-08-23T00:00:00Z,PT60M,14.0,-5,54.2,0,0,0,115
2021-08-23T02:00:00Z,2021-08-23T01:00:00Z,PT60M,14.3,-21,36.2,0,0,0,113
2021-08-23T03:00:00Z,2021-08-23T02:00:00Z,PT60M,14.6,-36,47.7,0,0,0,108
2021-08-23T04:00:00Z,2021-08-23T03:00:00Z,PT60M,14.4,-50,45.0,0,0,0,102
2021-08-23T05:00:00Z,2021-08-23T04:00:00Z,PT60M,13.9,-62,23.2,0,0,0,95
2021-08-23T06:00:00Z,2021-08-23T05:00:00Z,PT60M,13.9,-75,22.3,17,1,17,87
2021-08-23T07:00:00Z,2021-08-23T06:00:00Z,PT60M,14.6,-86,19.7,95,48,109,78
2021-08-23T08:00:00Z,2021-08-23T07:00:00Z,PT60M,15.7,-99,20.1,194,84,220,69
2021-08-23T09:00:00Z,2021-08-23T08:00:00Z,PT60M,16.9,-112,45.2,231,4,232,60
2021-08-23T10:00:00Z,2021-08-23T09:00:00Z,PT60M,18.1,-127,38.9,337,11,344,52
2021-08-23T11:00:00Z,2021-08-23T10:00:00Z,PT60M,19.1,-144,25.7,398,132,490,46
2021-08-23T12:00:00Z,2021-08-23T11:00:00Z,PT60M,19.9,-165,16.5,339,354,602,42
2021-08-23T13:00:00Z,2021-08-23T12:00:00Z,PT60M,20.3,173,9.0,242,567,667,41
2021-08-23T14:00:00Z,2021-08-23T13:00:00Z,PT60M,20.7,152,3.8,160,714,672,44
2021-08-23T15:00:00Z,2021-08-23T14:00:00Z,PT60M,20.9,133,0.0,101,802,620,50
2021-08-23T16:00:00Z,2021-08-23T15:00:00Z,PT60M,20.9,117,0.0,93,756,505,57
2021-08-23T17:00:00Z,2021-08-23T16:00:00Z,PT60M,20.6,104,0.0,84,668,363,65
2021-08-23T18:00:00Z,2021-08-23T17:00:00Z,PT60M,19.4,91,31.0,119,91,150,74
2021-08-23T19:00:00Z,2021-08-23T18:00:00Z,PT60M,17.3,79,34.0,40,40,45,83
2021-08-23T20:00:00Z,2021-08-23T19:00:00Z,PT60M,15.5,67,54.2,0,0,0,92
2021-08-23T21:00:00Z,2021-08-23T20:00:00Z,PT60M,14.6,55,69.5,0,0,0,100
2021-08-23T22:00:00Z,2021-08-23T21:00:00Z,PT60M,14.2,41,54.9,0,0,0,107
2021-08-23T23:00:00Z,2021-08-23T22:00:00Z,PT60M,13.9,27,90.8,0,0,0,112
2021-08-24T00:00:00Z,2021-08-23T23:00:00Z,PT60M,13.3,11,58.2,0,0,0,115
2021-08-24T01:00:00Z,2021-08-24T00:00:00Z,PT60M,12.6,-5,58.7,0,0,0,115
2021-08-24T02:00:00Z,2021-08-24T01:00:00Z,PT60M,12.1,-21,36.6,0,0,0,113
2021-08-24T03:00:00Z,2021-08-24T02:00:00Z,PT60M,11.9,-36,28.7,0,0,0,109
2021-08-24T04:00:00Z,2021-08-24T03:00:00Z,PT60M,11.8,-50,6.0,0,0,0,103
2021-08-24T05:00:00Z,2021-08-24T04:00:00Z,PT60M,11.8,-63,0.0,0,0,0,95
2021-08-24T06:00:00Z,2021-08-24T05:00:00Z,PT60M,12.2,-75,23.7,13,24,15,87
2021-08-24T07:00:00Z,2021-08-24T06:00:00Z,PT60M,13.6,-87,77.4,32,0,32,78
2021-08-24T08:00:00Z,2021-08-24T07:00:00Z,PT60M,15.2,-99,66.9,98,0,98,69
2021-08-24T09:00:00Z,2021-08-24T08:00:00Z,PT60M,15.9,-112,58.9,178,0,178,60
2021-08-24T10:00:00Z,2021-08-24T09:00:00Z,PT60M,16.1,-127,71.5,159,0,159,53
2021-08-24T11:00:00Z,2021-08-24T10:00:00Z,PT60M,16.4,-145,62.3,245,0,245,46
2021-08-24T12:00:00Z,2021-08-24T11:00:00Z,PT60M,17.0,-165,72.1,196,0,196,42
2021-08-24T13:00:00Z,2021-08-24T12:00:00Z,PT60M,17.5,173,63.8,258,0,258,42
2021-08-24T14:00:00Z,2021-08-24T13:00:00Z,PT60M,18.0,152,64.4,241,0,241,45
2021-08-24T15:00:00Z,2021-08-24T14:00:00Z,PT60M,18.1,133,61.4,230,0,230,50
2021-08-24T16:00:00Z,2021-08-24T15:00:00Z,PT60M,18.1,117,56.4,211,0,211,57
2021-08-24T17:00:00Z,2021-08-24T16:00:00Z,PT60M,18.1,104,56.6,148,0,148,66
2021-08-24T18:00:00Z,2021-08-24T17:00:00Z,PT60M,17.4,91,51.0,91,0,91,75
2021-08-24T19:00:00Z,2021-08-24T18:00:00Z,PT60M,16.6,79,27.4,38,39,43,84
2021-08-24T20:00:00Z,2021-08-24T19:00:00Z,PT60M,16.0,67,44.4,1,0,1,92
2021-08-24T21:00:00Z,2021-08-24T20:00:00Z,PT60M,15.6,55,54.9,0,0,0,100
2021-08-24T22:00:00Z,2021-08-24T21:00:00Z,PT60M,14.5,41,16.4,0,0,0,107
2021-08-24T23:00:00Z,2021-08-24T22:00:00Z,PT60M,13.4,27,0.0,0,0,0,112
2021-08-25T00:00:00Z,2021-08-24T23:00:00Z,PT60M,13.0,11,21.1,0,0,0,115
2021-08-25T01:00:00Z,2021-08-25T00:00:00Z,PT60M,12.7,-5,62.0,0,0,0,115
2021-08-25T02:00:00Z,2021-08-25T01:00:00Z,PT60M,12.6,-21,57.8,0,0,0,113
2021-08-25T03:00:00Z,2021-08-25T02:00:00Z,PT60M,13.3,-36,37.8,0,0,0,109
2021-08-25T04:00:00Z,2021-08-25T03:00:00Z,PT60M,14.3,-50,34.4,0,0,0,103
2021-08-25T05:00:00Z,2021-08-25T04:00:00Z,PT60M,14.5,-63,41.7,0,0,0,95
2021-08-25T06:00:00Z,2021-08-25T05:00:00Z,PT60M,14.4,-75,27.2,14,14,15,87
2021-08-25T07:00:00Z,2021-08-25T06:00:00Z,PT60M,14.4,-87,67.7,43,0,43,78
2021-08-25T08:00:00Z,2021-08-25T07:00:00Z,PT60M,14.7,-99,70.4,87,0,87,69
2021-08-25T09:00:00Z,2021-08-25T08:00:00Z,PT60M,15.1,-112,69.5,135,0,135,61
2021-08-25T10:00:00Z,2021-08-25T09:00:00Z,PT60M,15.9,-127,76.4,134,0,134,53
2021-08-25T11:00:00Z,2021-08-25T10:00:00Z,PT60M,17.0,-145,69.9,199,0,199,47
2021-08-25T12:00:00Z,2021-08-25T11:00:00Z,PT60M,17.7,-165,66.0,241,0,241,43
2021-08-25T13:00:00Z,2021-08-25T12:00:00Z,PT60M,18.6,173,52.1,341,0,341,42
2021-08-25T14:00:00Z,2021-08-25T13:00:00Z,PT60M,19.7,152,15.0,301,382,567,45
2021-08-25T15:00:00Z,2021-08-25T14:00:00Z,PT60M,20.3,133,4.2,202,561,558,50
2021-08-25T16:00:00Z,2021-08-25T15:00:00Z,PT60M,20.6,118,11.8,197,390,414,58
2021-08-25T17:00:00Z,2021-08-25T16:00:00Z,PT60M,20.7,104,37.4,203,0,203,66
2021-08-25T18:00:00Z,2021-08-25T17:00:00Z,PT60M,20.0,91,25.1,104,81,121,75
2021-08-25T19:00:00Z,2021-08-25T18:00:00Z,PT60M,18.1,80,10.1,36,84,48,84
2021-08-25T20:00:00Z,2021-08-25T19:00:00Z,PT60M,16.0,68,26.6,1,0,1,93
2021-08-25T21:00:00Z,2021-08-25T20:00:00Z,PT60M,15.0,55,32.3,0,0,0,100
2021-08-25T22:00:00Z,2021-08-25T21:00:00Z,PT60M,14.5,42,0.0,0,0,0,107
